271007,A2,1111,201704,201909,朘栤宆撈帺僒乕價僗嘥,1168,3,1,1,3,0,90,0,2,2,2,,,,,,1,20170401
271007,A2,1111,201910,202103,朘栤宆撈帺僒乕價僗嘥,1172,3,1,1,3,0,90,0,2,2,2,,,,,,1,20191001
271007,A2,1111,202104,202403,朘栤宆撈帺僒乕價僗嘥,1176,3,1,1,3,0,90,0,2,2,2,,,,,,1,20210401
271007,A2,1111,202404,999999,朘栤宆撈帺僒乕價僗侾侾,1176,3,1,1,3,0,90,0,2,2,2,,,,,,1,20240401
271007,A2,1113,201704,201903,朘栤宆撈帺僒乕價僗嘥丒弶擟,818,3,1,1,3,0,90,0,2,2,2,,,,,,1,20170401
271007,A2,1114,201704,201909,朘栤宆撈帺僒乕價僗嘥丒摨堦,1051,3,1,1,3,0,90,0,2,2,2,,,,,,1,20170401
271007,A2,1114,201910,202103,朘栤宆撈帺僒乕價僗嘥丒摨堦,1055,3,1,1,3,0,90,0,2,2,2,,,,,,1,20191001
271007,A2,1115,201704,201903,朘栤宆撈帺僒乕價僗嘥丒弶擟丒摨堦,736,3,1,1,3,0,90,0,2,2,2,,,,,,1,20170401
271007,A2,1121,201704,201909,朘栤宆撈帺僒乕價僗嘥乛俀,880,3,1,1,3,0,90,0,2,2,2,,,,,,1,20170401
271007,A2,1121,201910,202103,朘栤宆撈帺僒乕價僗嘥乛俀,884,3,1,1,3,0,90,0,2,2,2,,,,,,1,20191001
271007,A2,1121,202104,202403,朘栤宆撈帺僒乕價僗嘥乛俀,888,3,1,1,3,0,90,0,2,2,2,,,,,,1,20210401
271007,A2,1121,202404,999999,朘栤宆撈帺僒乕價僗乛俀侾侾,888,3,1,1,3,0,90,0,2,2,2,,,,,,1,20240401
271007,A2,1124,201704,201909,朘栤宆撈帺僒乕價僗嘥乛俀丒摨堦,792,3,1,1,3,0,90,0,2,2,2,,,,,,1,20170401
271007,A2,1124,201910,202103,朘栤宆撈帺僒乕價僗嘥乛俀丒摨堦,796,3,1,1,3,0,90,0,2,2,2,,,,,,1,20191001
271007,A2,1211,201704,201909,朘栤宆撈帺僒乕價僗嘦,2335,3,1,1,3,0,90,0,2,2,2,,,,,,1,20170401
271007,A2,1211,201910,202103,朘栤宆撈帺僒乕價僗嘦,2342,3,1,1,3,0,90,0,2,2,2,,,,,,1,20191001
271007,A2,1211,202104,202403,朘栤宆撈帺僒乕價僗嘦,2349,3,1,1,3,0,90,0,2,2,2,,,,,,1,20210401
271007,A2,1211,202404,999999,朘栤宆撈帺僒乕價僗侾俀,2349,3,1,1,3,0,90,0,2,2,2,,,,,,1,20240401
271007,A2,1213,201704,201903,朘栤宆撈帺僒乕價僗嘦丒弶擟,1635,3,1,1,3,0,90,0,2,2,2,,,,,,1,20170401
271007,A2,1214,201704,201909,朘栤宆撈帺僒乕價僗嘦丒摨堦,2102,3,1,1,3,0,90,0,2,2,2,,,,,,1,20170401
271007,A2,1214,201910,202103,朘栤宆撈帺僒乕價僗嘦丒摨堦,2108,3,1,1,3,0,90,0,2,2,2,,,,,,1,20191001
271007,A2,1215,201704,201903,朘栤宆撈帺僒乕價僗嘦丒弶擟丒摨堦,1472,3,1,1,3,0,90,0,2,2,2,,,,,,1,20170401
271007,A2,1221,201704,201909,朘栤宆撈帺僒乕價僗嘦乛俀,1759,3,1,1,3,0,90,0,2,2,2,,,,,,1,20170401
271007,A2,1221,201910,202103,朘栤宆撈帺僒乕價僗嘦乛俀,1766,3,1,1,3,0,90,0,2,2,2,,,,,,1,20191001
271007,A2,1221,202104,202403,朘栤宆撈帺僒乕價僗嘦乛俀,1774,3,1,1,3,0,90,0,2,2,2,,,,,,1,20210401
271007,A2,1221,202404,999999,朘栤宆撈帺僒乕價僗乛俀侾俀,1774,3,1,1,3,0,90,0,2,2,2,,,,,,1,20240401
271007,A2,1224,201704,201909,朘栤宆撈帺僒乕價僗嘦乛俀丒摨堦,1583,3,1,1,3,0,90,0,2,2,2,,,,,,1,20170401
271007,A2,1224,201910,202103,朘栤宆撈帺僒乕價僗嘦乛俀丒摨堦,1589,3,1,1,3,0,90,0,2,2,2,,,,,,1,20191001
271007,A2,1321,201704,201909,朘栤宆撈帺僒乕價僗嘨,3704,3,1,1,3,0,90,0,2,1,2,,,,,,1,20170401
271007,A2,1321,201910,202103,朘栤宆撈帺僒乕價僗嘨,3715,3,1,1,3,0,90,0,2,1,2,,,,,,1,20191001
271007,A2,1321,202104,202403,朘栤宆撈帺僒乕價僗嘨,3727,3,1,1,3,0,90,0,2,1,2,,,,,,1,20210401
271007,A2,1321,202404,999999,朘栤宆撈帺僒乕價僗侾俁,3727,3,1,1,3,0,90,0,2,1,2,,,,,,1,20240401
271007,A2,1323,201704,201903,朘栤宆撈帺僒乕價僗嘨丒弶擟,2593,3,1,1,3,0,90,0,2,1,2,,,,,,1,20170401
271007,A2,1324,201704,201909,朘栤宆撈帺僒乕價僗嘨丒摨堦,3334,3,1,1,3,0,90,0,2,1,2,,,,,,1,20170401
271007,A2,1324,201910,202103,朘栤宆撈帺僒乕價僗嘨丒摨堦,3344,3,1,1,3,0,90,0,2,1,2,,,,,,1,20191001
271007,A2,1325,201704,201903,朘栤宆撈帺僒乕價僗嘨丒弶擟丒摨堦,2334,3,1,1,3,0,90,0,2,1,2,,,,,,1,20170401
271007,A2,1331,201704,201909,朘栤宆撈帺僒乕價僗嘨乛俀,2790,3,1,1,3,0,90,0,2,1,2,,,,,,1,20170401
271007,A2,1331,201910,202103,朘栤宆撈帺僒乕價僗嘨乛俀,2802,3,1,1,3,0,90,0,2,1,2,,,,,,1,20191001
271007,A2,1331,202104,202403,朘栤宆撈帺僒乕價僗嘨乛俀,2815,3,1,1,3,0,90,0,2,1,2,,,,,,1,20210401
271007,A2,1331,202404,999999,朘栤宆撈帺僒乕價僗乛俀侾俁,2815,3,1,1,3,0,90,0,2,1,2,,,,,,1,20240401
271007,A2,1334,201704,201909,朘栤宆撈帺僒乕價僗嘨乛俀丒摨堦,2511,3,1,1,3,0,90,0,2,1,2,,,,,,1,20170401
271007,A2,1334,201910,202103,朘栤宆撈帺僒乕價僗嘨乛俀丒摨堦,2522,3,1,1,3,0,90,0,2,1,2,,,,,,1,20191001
271007,A2,2111,201704,201909,朘栤宆撈帺僒乕價僗嘥擔妱,38,2,31,1,3,0,90,0,2,2,2,,,,,,1,20170401
271007,A2,2111,201910,202403,朘栤宆撈帺僒乕價僗嘥擔妱,39,2,31,1,3,0,90,0,2,2,2,,,,,,1,20191001
271007,A2,2111,202404,999999,朘栤宆撈帺僒乕價僗侾侾擔妱,39,2,31,1,3,0,90,0,2,2,2,,,,,,1,20240401
271007,A2,2113,201704,201903,朘栤宆撈帺僒乕價僗嘥擔妱丒弶擟,27,2,31,1,3,0,90,0,2,2,2,,,,,,1,20170401
271007,A2,2114,201704,201909,朘栤宆撈帺僒乕價僗嘥擔妱丒摨堦,34,2,31,1,3,0,90,0,2,2,2,,,,,,1,20170401
271007,A2,2114,201910,202103,朘栤宆撈帺僒乕價僗嘥擔妱丒摨堦,35,2,31,1,3,0,90,0,2,2,2,,,,,,1,20191001
271007,A2,2115,201704,201903,朘栤宆撈帺僒乕價僗嘥擔妱丒弶擟丒摨堦,24,2,31,1,3,0,90,0,2,2,2,,,,,,1,20170401
271007,A2,2121,201704,202403,朘栤宆撈帺僒乕價僗嘥乛俀擔妱,29,2,31,1,3,0,90,0,2,2,2,,,,,,1,20170401
271007,A2,2121,202404,999999,朘栤宆撈帺僒乕價僗乛俀侾侾擔妱,29,2,31,1,3,0,90,0,2,2,2,,,,,,1,20240401
271007,A2,2124,201704,202103,朘栤宆撈帺僒乕價僗嘥乛俀擔妱丒摨堦,26,2,31,1,3,0,90,0,2,2,2,,,,,,1,20170401
271007,A2,2211,201704,202403,朘栤宆撈帺僒乕價僗嘦擔妱,77,2,31,1,3,0,90,0,2,2,2,,,,,,1,20170401
271007,A2,2211,202404,999999,朘栤宆撈帺僒乕價僗侾俀擔妱,77,2,31,1,3,0,90,0,2,2,2,,,,,,1,20240401
271007,A2,2213,201704,201903,朘栤宆撈帺僒乕價僗嘦擔妱丒弶擟,54,2,31,1,3,0,90,0,2,2,2,,,,,,1,20170401
271007,A2,2214,201704,202103,朘栤宆撈帺僒乕價僗嘦擔妱丒摨堦,69,2,31,1,3,0,90,0,2,2,2,,,,,,1,20170401
271007,A2,2215,201704,201903,朘栤宆撈帺僒乕價僗嘦擔妱丒弶擟丒摨堦,49,2,31,1,3,0,90,0,2,2,2,,,,,,1,20170401
271007,A2,2221,201704,202403,朘栤宆撈帺僒乕價僗嘦乛俀擔妱,58,2,31,1,3,0,90,0,2,2,2,,,,,,1,20170401
271007,A2,2221,202404,999999,朘栤宆撈帺僒乕價僗乛俀侾俀擔妱,58,2,31,1,3,0,90,0,2,2,2,,,,,,1,20240401
271007,A2,2224,201704,202103,朘栤宆撈帺僒乕價僗嘦乛俀擔妱丒摨堦,52,2,31,1,3,0,90,0,2,2,2,,,,,,1,20170401
271007,A2,2321,201704,202103,朘栤宆撈帺僒乕價僗嘨擔妱,122,2,31,1,3,0,90,0,2,1,2,,,,,,1,20170401
271007,A2,2321,202104,202403,朘栤宆撈帺僒乕價僗嘨擔妱,123,2,31,1,3,0,90,0,2,1,2,,,,,,1,20210401
271007,A2,2321,202404,999999,朘栤宆撈帺僒乕價僗侾俁擔妱,123,2,31,1,3,0,90,0,2,1,2,,,,,,1,20240401
271007,A2,2323,201704,201903,朘栤宆撈帺僒乕價僗嘨擔妱丒弶擟,85,2,31,1,3,0,90,0,2,1,2,,,,,,1,20170401
271007,A2,2324,201704,202103,朘栤宆撈帺僒乕價僗嘨擔妱丒摨堦,110,2,31,1,3,0,90,0,2,1,2,,,,,,1,20170401
271007,A2,2325,201704,201903,朘栤宆撈帺僒乕價僗嘨擔妱丒弶擟丒摨堦,77,2,31,1,3,0,90,0,2,1,2,,,,,,1,20170401
271007,A2,2331,201704,202103,朘栤宆撈帺僒乕價僗嘨乛俀擔妱,92,2,31,1,3,0,90,0,2,1,2,,,,,,1,20170401
271007,A2,2331,202104,202403,朘栤宆撈帺僒乕價僗嘨乛俀擔妱,93,2,31,1,3,0,90,0,2,1,2,,,,,,1,20210401
271007,A2,2331,202404,999999,朘栤宆撈帺僒乕價僗乛俀侾俁擔妱,93,2,31,1,3,0,90,0,2,1,2,,,,,,1,20240401
271007,A2,2334,201704,202103,朘栤宆撈帺僒乕價僗嘨乛俀擔妱丒摨堦,83,2,31,1,3,0,90,0,2,1,2,,,,,,1,20170401
271007,A2,2411,201906,201909,朘栤宆撈帺僒乕價僗嘩,266,1,4,1,3,0,90,0,2,2,2,,,,,,1,20190601
271007,A2,2411,201910,202103,朘栤宆撈帺僒乕價僗嘩,267,1,4,1,3,0,90,0,2,2,2,,,,,,1,20191001
271007,A2,2411,202104,202403,朘栤宆撈帺僒乕價僗嘩,268,1,4,1,3,0,90,0,2,2,2,,,,,,1,20210401
271007,A2,2411,202404,999999,朘栤宆撈帺僒乕價僗俀侾,287,1,7,1,3,0,90,0,2,2,2,,,,,,1,20240401
271007,A2,2414,201906,201909,朘栤宆撈帺僒乕價僗嘩丒摨堦,239,1,4,1,3,0,90,0,2,2,2,,,,,,1,20190601
271007,A2,2414,201910,202103,朘栤宆撈帺僒乕價僗嘩丒摨堦,240,1,4,1,3,0,90,0,2,2,2,,,,,,1,20191001
271007,A2,2421,201906,201909,朘栤宆撈帺僒乕價僗嘩乛俀,220,1,4,1,3,0,90,0,2,2,2,,,,,,1,20190601
271007,A2,2421,201910,202103,朘栤宆撈帺僒乕價僗嘩乛俀,221,1,4,1,3,0,90,0,2,2,2,,,,,,1,20191001
271007,A2,2421,202104,202403,朘栤宆撈帺僒乕價僗嘩乛俀,222,1,4,1,3,0,90,0,2,2,2,,,,,,1,20210401
271007,A2,2421,202404,999999,朘栤宆撈帺僒乕價僗乛俀俀侾,220,1,7,1,3,0,90,0,2,2,2,,,,,,1,20240401
271007,A2,2424,201906,201909,朘栤宆撈帺僒乕價僗嘩乛俀丒摨堦,198,1,4,1,3,0,90,0,2,2,2,,,,,,1,20190601
271007,A2,2424,201910,202103,朘栤宆撈帺僒乕價僗嘩乛俀丒摨堦,199,1,4,1,3,0,90,0,2,2,2,,,,,,1,20191001
271007,A2,2511,201906,201909,朘栤宆撈帺僒乕價僗嘪,270,1,8,1,3,0,90,0,2,2,2,,,,,,1,20190601
271007,A2,2511,201910,202103,朘栤宆撈帺僒乕價僗嘪,271,1,8,1,3,0,90,0,2,2,2,,,,,,1,20191001
271007,A2,2511,202104,202403,朘栤宆撈帺僒乕價僗嘪,272,1,8,1,3,0,90,0,2,2,2,,,,,,1,20210401
271007,A2,2514,201906,201909,朘栤宆撈帺僒乕價僗嘪丒摨堦,243,1,8,1,3,0,90,0,2,2,2,,,,,,1,20190601
271007,A2,2514,201910,202103,朘栤宆撈帺僒乕價僗嘪丒摨堦,244,1,8,1,3,0,90,0,2,2,2,,,,,,1,20191001
271007,A2,2521,201906,201909,朘栤宆撈帺僒乕價僗嘪乛俀,220,1,8,1,3,0,90,0,2,2,2,,,,,,1,20190601
271007,A2,2521,201910,202103,朘栤宆撈帺僒乕價僗嘪乛俀,221,1,8,1,3,0,90,0,2,2,2,,,,,,1,20191001
271007,A2,2521,202104,202403,朘栤宆撈帺僒乕價僗嘪乛俀,222,1,8,1,3,0,90,0,2,2,2,,,,,,1,20210401
271007,A2,2524,201906,201909,朘栤宆撈帺僒乕價僗嘪乛俀丒摨堦,198,1,8,1,3,0,90,0,2,2,2,,,,,,1,20190601
271007,A2,2524,201910,202103,朘栤宆撈帺僒乕價僗嘪乛俀丒摨堦,199,1,8,1,3,0,90,0,2,2,2,,,,,,1,20191001
271007,A2,4001,201704,999999,朘栤宆撈帺僒乕價僗弶夞壛嶼,200,3,1,1,3,0,90,0,2,2,2,,,,,,1,20170401
271007,A2,4002,201704,201809,朘栤宆撈帺僒乕價僗惗妶婡擻岦忋壛嶼,100,3,1,1,3,0,90,0,2,2,2,,,,,,1,20170401
271007,A2,4002,201810,999999,朘栤宆撈帺僒乕價僗惗妶婡擻岦忋楢実壛嶼嘦,200,3,1,1,3,0,90,0,2,2,2,,,,,,1,20181001
271007,A2,4003,201810,999999,朘栤宆撈帺僒乕價僗惗妶婡擻岦忋楢実壛嶼嘥,100,3,1,1,3,0,90,0,2,2,2,,,,,,1,20181001
271007,A2,6001,202104,202403,朘栤宆撈帺僒乕價僗摨堦寶暔尭嶼,-10,3,1,1,0,0,90,0,2,2,2,,,,,,1,20210401
271007,A2,6001,202404,999999,朘栤宆撈帺僒乕價僗摨堦寶暔尭嶼侾,-10,3,1,1,0,0,90,0,2,2,2,,,,,,1,20240401
271007,A2,6002,202404,999999,朘栤宆撈帺僒乕價僗摨堦寶暔尭嶼俁,-12,3,1,1,0,0,90,0,2,2,2,,,,,,1,20240401
271007,A2,6003,202404,999999,朘栤宆撈帺僒乕價僗摨堦寶暔尭嶼俀,-15,3,1,1,0,0,90,0,2,2,2,,,,,,1,20240401
271007,A2,6102,202404,999999,朘栤宆撈帺岥峯楢実嫮壔壛嶼,50,3,1,1,3,0,90,0,2,2,2,,,,,,1,20240401
271007,A2,6183,202606,999999,朘栤宆撈帺僒乕價僗張嬾夵慞壛嶼嘥俀,287,3,1,1,0,0,90,0,2,2,2,,,,,,1,20260601
271007,A2,6184,202606,999999,朘栤宆撈帺僒乕價僗張嬾夵慞壛嶼嘦俀,266,3,1,1,0,0,90,0,2,2,2,,,,,,1,20260601
271007,A2,6269,201704,202405,朘栤宆撈帺僒乕價僗張嬾夵慞壛嶼嘥,137,3,1,1,0,0,90,0,2,2,2,,,,,,1,20170401
271007,A2,6269,202406,202605,朘栤宆撈帺僒乕價僗張嬾夵慞壛嶼嘥,245,3,1,1,0,0,90,0,2,2,2,,,,,,1,20240401
271007,A2,6269,202606,999999,朘栤宆撈帺僒乕價僗張嬾夵慞壛嶼嘥侾,270,3,1,1,0,0,90,0,2,2,2,,,,,,1,20260601
271007,A2,6270,201704,202405,朘栤宆撈帺僒乕價僗張嬾夵慞壛嶼嘦,100,3,1,1,0,0,90,0,2,2,2,,,,,,1,20170401
271007,A2,6270,202406,202605,朘栤宆撈帺僒乕價僗張嬾夵慞壛嶼嘦,224,3,1,1,0,0,90,0,2,2,2,,,,,,1,20240401
271007,A2,6270,202606,999999,朘栤宆撈帺僒乕價僗張嬾夵慞壛嶼嘦侾,249,3,1,1,0,0,90,0,2,2,2,,,,,,1,20260601
271007,A2,6271,201704,202405,朘栤宆撈帺僒乕價僗張嬾夵慞壛嶼嘨,55,3,1,1,0,0,90,0,2,2,2,,,,,,1,20170401
271007,A2,6271,202406,202605,朘栤宆撈帺僒乕價僗張嬾夵慞壛嶼嘨,182,3,1,1,0,0,90,0,2,2,2,,,,,,1,20240401
271007,A2,6271,202606,999999,朘栤宆撈帺僒乕價僗張嬾夵慞壛嶼嘨,207,3,1,1,0,0,90,0,2,2,2,,,,,,1,20260601
271007,A2,6273,201704,202203,朘栤宆撈帺僒乕價僗張嬾夵慞壛嶼嘩,55,3,1,1,0,0,90,0,2,2,2,,,,,,1,20170401
271007,A2,6275,201704,202203,朘栤宆撈帺僒乕價僗張嬾夵慞壛嶼嘪,55,3,1,1,0,0,90,0,2,2,2,,,,,,1,20170401
271007,A2,6278,201910,202405,朘栤宆撈帺僒乕價僗摿掕張嬾夵慞壛嶼嘥,63,3,1,1,0,0,90,0,2,2,2,,,,,,1,20191001
271007,A2,6279,201910,202405,朘栤宆撈帺僒乕價僗摿掕張嬾夵慞壛嶼嘦,42,3,1,1,0,0,90,0,2,2,2,,,,,,1,20191001
271007,A2,6281,202210,202405,朘栤宆撈帺僒乕價僗儀乕僗傾僢僾摍巟墖壛嶼,24,3,1,1,0,0,90,0,2,2,2,,,,,,1,20221001
271007,A2,6380,202406,202605,朘栤宆撈帺僒乕價僗張嬾夵慞壛嶼嘩,145,3,1,1,0,0,90,0,2,2,2,,,,,,1,20240401
271007,A2,6380,202606,999999,朘栤宆撈帺僒乕價僗張嬾夵慞壛嶼嘩,170,3,1,1,0,0,90,0,2,2,2,,,,,,1,20260601
271007,A2,6381,202406,202503,朘栤宆撈帺僒乕價僗張嬾夵慞壛嶼嘪侾,221,3,1,1,0,0,90,0,2,2,2,,,,,,1,20240401
271007,A2,6382,202406,202503,朘栤宆撈帺僒乕價僗張嬾夵慞壛嶼嘪俀,208,3,1,1,0,0,90,0,2,2,2,,,,,,1,20240401
271007,A2,6383,202406,202503,朘栤宆撈帺僒乕價僗張嬾夵慞壛嶼嘪俁,200,3,1,1,0,0,90,0,2,2,2,,,,,,1,20240401
271007,A2,6384,202406,202503,朘栤宆撈帺僒乕價僗張嬾夵慞壛嶼嘪係,187,3,1,1,0,0,90,0,2,2,2,,,,,,1,20240401
271007,A2,6385,202406,202503,朘栤宆撈帺僒乕價僗張嬾夵慞壛嶼嘪俆,184,3,1,1,0,0,90,0,2,2,2,,,,,,1,20240401
271007,A2,6386,202406,202503,朘栤宆撈帺僒乕價僗張嬾夵慞壛嶼嘪俇,163,3,1,1,0,0,90,0,2,2,2,,,,,,1,20240401
271007,A2,6387,202406,202503,朘栤宆撈帺僒乕價僗張嬾夵慞壛嶼嘪俈,163,3,1,1,0,0,90,0,2,2,2,,,,,,1,20240401
271007,A2,6388,202406,202503,朘栤宆撈帺僒乕價僗張嬾夵慞壛嶼嘪俉,158,3,1,1,0,0,90,0,2,2,2,,,,,,1,20240401
271007,A2,6389,202406,202503,朘栤宆撈帺僒乕價僗張嬾夵慞壛嶼嘪俋,142,3,1,1,0,0,90,0,2,2,2,,,,,,1,20240401
271007,A2,6390,202406,202503,朘栤宆撈帺僒乕價僗張嬾夵慞壛嶼嘪侾侽,139,3,1,1,0,0,90,0,2,2,2,,,,,,1,20240401
271007,A2,6391,202406,202503,朘栤宆撈帺僒乕價僗張嬾夵慞壛嶼嘪侾侾,121,3,1,1,0,0,90,0,2,2,2,,,,,,1,20240401
271007,A2,6392,202406,202503,朘栤宆撈帺僒乕價僗張嬾夵慞壛嶼嘪侾俀,118,3,1,1,0,0,90,0,2,2,2,,,,,,1,20240401
271007,A2,6393,202406,202503,朘栤宆撈帺僒乕價僗張嬾夵慞壛嶼嘪侾俁,100,3,1,1,0,0,90,0,2,2,2,,,,,,1,20240401
271007,A2,6394,202406,202503,朘栤宆撈帺僒乕價僗張嬾夵慞壛嶼嘪侾係,76,3,1,1,0,0,90,0,2,2,2,,,,,,1,20240401
271007,A2,8310,202104,202109,朘栤宆撈帺僒乕價僗椷榓俁擭俋寧俁侽擔傑偱偺忋忔偣暘,1,3,1,1,3,0,90,0,2,2,2,,,,,,1,20210401
271007,A2,C211,202404,999999,朘栤宆撈帺崅楊幰媠懸杊巭枹幚巤尭嶼侾侾,-12,3,1,1,3,0,90,0,2,2,2,,,,,,1,20240401
271007,A2,C212,202404,999999,朘栤宆撈帺崅楊幰媠懸杊巭枹幚巤尭嶼侾俀,-23,3,1,1,3,0,90,0,2,2,2,,,,,,1,20240401
271007,A2,C213,202404,999999,朘栤宆撈帺崅楊幰媠懸杊巭枹幚巤尭嶼侾俀擔妱,-1,2,31,1,3,0,90,0,2,2,2,,,,,,1,20240401
271007,A2,C214,202404,999999,朘栤宆撈帺崅楊幰媠懸杊巭枹幚巤尭嶼侾俁,-37,3,1,1,3,0,90,0,2,1,2,,,,,,1,20240401
271007,A2,C215,202404,999999,朘栤宆撈帺崅楊幰媠懸杊巭枹幚巤尭嶼侾俁擔妱,-1,2,31,1,3,0,90,0,2,1,2,,,,,,1,20240401
271007,A2,C216,202404,999999,朘栤宆撈帺崅楊幰媠懸杊巭枹幚巤尭嶼俀侾,-3,1,7,1,3,0,90,0,2,2,2,,,,,,1,20240401
271007,A2,C220,202404,999999,朘栤宆撈帺崅楊幰媠懸杊巭枹幚巤尭嶼侾侾擔妱,-1,2,31,1,3,0,90,0,2,2,2,,,,,,1,20240401
271007,A2,C221,202404,999999,朘栤宆撈帺崅楊幰媠懸杊巭枹幚巤尭嶼乛俀侾侾,-12,3,1,1,3,0,90,0,2,2,2,,,,,,1,20240401
271007,A2,C222,202404,999999,朘栤宆撈帺崅楊幰媠懸杊巭枹幚巤尭嶼乛俀侾俀,-23,3,1,1,3,0,90,0,2,2,2,,,,,,1,20240401
271007,A2,C223,202404,999999,朘栤宆撈帺崅楊幰媠懸杊巭枹幚巤尭嶼乛俀侾俀擔妱,-1,2,31,1,3,0,90,0,2,2,2,,,,,,1,20240401
271007,A2,C224,202404,999999,朘栤宆撈帺崅楊幰媠懸杊巭枹幚巤尭嶼乛俀侾俁,-37,3,1,1,3,0,90,0,2,1,2,,,,,,1,20240401
271007,A2,C225,202404,999999,朘栤宆撈帺崅楊幰媠懸杊巭枹幚巤尭嶼乛俀侾俁擔妱,-1,2,31,1,3,0,90,0,2,1,2,,,,,,1,20240401
271007,A2,C226,202404,999999,朘栤宆撈帺崅楊幰媠懸杊巭枹幚巤尭嶼乛俀俀侾,-3,1,7,1,3,0,90,0,2,2,2,,,,,,1,20240401
271007,A2,C230,202404,999999,朘栤宆撈帺崅楊幰媠懸杊巭枹幚巤尭嶼乛俀侾侾擔妱,-1,2,31,1,3,0,90,0,2,2,2,,,,,,1,20240401
271007,A2,D211,202504,999999,朘栤宆撈帺嬈柋宲懕寁夋枹嶔掕尭嶼侾侾,-12,3,1,1,3,0,90,0,2,2,2,,,,,,1,20250401
271007,A2,D212,202504,999999,朘栤宆撈帺嬈柋宲懕寁夋枹嶔掕尭嶼侾俀,-23,3,1,1,3,0,90,0,2,2,2,,,,,,1,20250401
271007,A2,D213,202504,999999,朘栤宆撈帺嬈柋宲懕寁夋枹嶔掕尭嶼侾俀擔妱,-1,2,31,1,3,0,90,0,2,2,2,,,,,,1,20250401
271007,A2,D214,202504,999999,朘栤宆撈帺嬈柋宲懕寁夋枹嶔掕尭嶼侾俁,-37,3,1,1,3,0,90,0,2,1,2,,,,,,1,20250401
271007,A2,D215,202504,999999,朘栤宆撈帺嬈柋宲懕寁夋枹嶔掕尭嶼侾俁擔妱,-1,2,31,1,3,0,90,0,2,1,2,,,,,,1,20250401
271007,A2,D216,202504,999999,朘栤宆撈帺嬈柋宲懕寁夋枹嶔掕尭嶼俀侾,-3,1,7,1,3,0,90,0,2,2,2,,,,,,1,20250401
271007,A2,D220,202504,999999,朘栤宆撈帺嬈柋宲懕寁夋枹嶔掕尭嶼侾侾擔妱,-1,2,31,1,3,0,90,0,2,2,2,,,,,,1,20250401
271007,A2,D221,202504,999999,朘栤宆撈帺嬈柋宲懕寁夋枹嶔掕尭嶼乛俀侾侾,-12,3,1,1,3,0,90,0,2,2,2,,,,,,1,20250401
271007,A2,D222,202504,999999,朘栤宆撈帺嬈柋宲懕寁夋枹嶔掕尭嶼乛俀侾俀,-23,3,1,1,3,0,90,0,2,2,2,,,,,,1,20250401
271007,A2,D223,202504,999999,朘栤宆撈帺嬈柋宲懕寁夋枹嶔掕尭嶼乛俀侾俀擔妱,-1,2,31,1,3,0,90,0,2,2,2,,,,,,1,20250401
271007,A2,D224,202504,999999,朘栤宆撈帺嬈柋宲懕寁夋枹嶔掕尭嶼乛俀侾俁,-37,3,1,1,3,0,90,0,2,1,2,,,,,,1,20250401
271007,A2,D225,202504,999999,朘栤宆撈帺嬈柋宲懕寁夋枹嶔掕尭嶼乛俀侾俁擔妱,-1,2,31,1,3,0,90,0,2,1,2,,,,,,1,20250401
271007,A2,D226,202504,999999,朘栤宆撈帺嬈柋宲懕寁夋枹嶔掕尭嶼乛俀俀侾,-3,1,7,1,3,0,90,0,2,2,2,,,,,,1,20250401
271007,A2,D230,202504,999999,朘栤宆撈帺嬈柋宲懕寁夋枹嶔掕尭嶼乛俀侾侾擔妱,-1,2,31,1,3,0,90,0,2,2,2,,,,,,1,20250401
271007,A4,1111,201807,999999,廧柉偺彆偗崌偄偵傛傞惗妶巟墖妶摦帠嬈,10,1,8,1,0,0,,100,2,2,2,,,,,,2,20180701
271007,A6,1111,201704,201909,捠強宆撈帺僒乕價僗侾,1647,3,1,1,3,0,90,0,2,2,1,,,,,,1,20170401
271007,A6,1111,201910,202103,捠強宆撈帺僒乕價僗侾,1655,3,1,1,3,0,90,0,2,2,1,,,,,,1,20191001
271007,A6,1111,202104,202403,捠強宆撈帺僒乕價僗侾,1672,3,1,1,3,0,90,0,2,2,1,,,,,,1,20210401
271007,A6,1111,202404,999999,捠強宆撈帺僒乕價僗侾侾,1798,3,1,1,3,0,90,0,2,2,1,,,,,,1,20240401
271007,A6,1112,201704,202103,捠強宆撈帺僒乕價僗侾擔妱,54,2,31,1,3,0,90,0,2,2,1,,,,,,1,20170401
271007,A6,1112,202104,202403,捠強宆撈帺僒乕價僗侾擔妱,55,2,31,1,3,0,90,0,2,2,1,,,,,,1,20210401
271007,A6,1112,202404,999999,捠強宆撈帺僒乕價僗侾侾擔妱,59,2,31,1,3,0,90,0,2,2,1,,,,,,1,20240401
271007,A6,1121,201704,201909,捠強宆撈帺僒乕價僗俀,3377,3,1,1,3,0,90,0,2,1,2,,,,,,1,20170401
271007,A6,1121,201910,202103,捠強宆撈帺僒乕價僗俀,3393,3,1,1,3,0,90,0,2,1,2,,,,,,1,20191001
271007,A6,1121,202104,202403,捠強宆撈帺僒乕價僗俀,3428,3,1,1,3,0,90,0,2,1,2,,,,,,1,20210401
271007,A6,1121,202404,999999,捠強宆撈帺僒乕價僗侾俀,3621,3,1,1,3,0,90,0,2,1,2,,,,,,1,20240401
271007,A6,1122,201704,201909,捠強宆撈帺僒乕價僗俀擔妱,111,2,31,1,3,0,90,0,2,1,2,,,,,,1,20170401
271007,A6,1122,201910,202103,捠強宆撈帺僒乕價僗俀擔妱,112,2,31,1,3,0,90,0,2,1,2,,,,,,1,20191001
271007,A6,1122,202104,202403,捠強宆撈帺僒乕價僗俀擔妱,113,2,31,1,3,0,90,0,2,1,2,,,,,,1,20210401
271007,A6,1122,202404,999999,捠強宆撈帺僒乕價僗侾俀擔妱,119,2,31,1,3,0,90,0,2,1,2,,,,,,1,20240401
271007,A6,1221,201704,201909,捠強宆撈帺僒乕價僗乛俀俀,1647,3,1,1,3,0,90,0,2,1,2,,,,,,1,20170401
271007,A6,1221,201910,202103,捠強宆撈帺僒乕價僗乛俀俀,1655,3,1,1,3,0,90,0,2,1,2,,,,,,1,20191001
271007,A6,1221,202104,202403,捠強宆撈帺僒乕價僗乛俀俀,1672,3,1,1,3,0,90,0,2,1,2,,,,,,1,20210401
271007,A6,1221,202404,999999,捠強宆撈帺僒乕價僗乛俀侾俀,1798,3,1,1,3,0,90,0,2,1,2,,,,,,1,20240401
271007,A6,1222,201704,202103,捠強宆撈帺僒乕價僗乛俀俀擔妱,54,2,31,1,3,0,90,0,2,1,2,,,,,,1,20170401
271007,A6,1222,202104,202403,捠強宆撈帺僒乕價僗乛俀俀擔妱,55,2,31,1,3,0,90,0,2,1,2,,,,,,1,20210401
271007,A6,1222,202404,999999,捠強宆撈帺僒乕價僗乛俀侾俀擔妱,59,2,31,1,3,0,90,0,2,1,2,,,,,,1,20240401
271007,A6,1311,201704,201909,捠強宆撈帺僒乕價僗乛俁侾,1152,3,1,1,3,0,90,0,2,2,1,,,,,,1,20170401
271007,A6,1311,201910,202103,捠強宆撈帺僒乕價僗乛俁侾,1159,3,1,1,3,0,90,0,2,2,1,,,,,,1,20191001
271007,A6,1311,202104,202403,捠強宆撈帺僒乕價僗乛俁侾,1170,3,1,1,3,0,90,0,2,2,1,,,,,,1,20210401
271007,A6,1311,202404,999999,捠強宆撈帺僒乕價僗乛俁侾侾,1259,3,1,1,3,0,90,0,2,2,1,,,,,,1,20240401
271007,A6,1312,201704,202403,捠強宆撈帺僒乕價僗乛俁侾擔妱,38,2,31,1,3,0,90,0,2,2,1,,,,,,1,20170401
271007,A6,1312,202404,999999,捠強宆撈帺僒乕價僗乛俁侾侾擔妱,41,2,31,1,3,0,90,0,2,2,1,,,,,,1,20240401
271007,A6,1321,201704,201909,捠強宆撈帺僒乕價僗乛俁俀,2363,3,1,1,3,0,90,0,2,1,2,,,,,,1,20170401
271007,A6,1321,201910,202103,捠強宆撈帺僒乕價僗乛俁俀,2375,3,1,1,3,0,90,0,2,1,2,,,,,,1,20191001
271007,A6,1321,202104,202403,捠強宆撈帺僒乕價僗乛俁俀,2400,3,1,1,3,0,90,0,2,1,2,,,,,,1,20210401
271007,A6,1321,202404,999999,捠強宆撈帺僒乕價僗乛俁侾俀,2535,3,1,1,3,0,90,0,2,1,2,,,,,,1,20240401
271007,A6,1322,201704,202103,捠強宆撈帺僒乕價僗乛俁俀擔妱,78,2,31,1,3,0,90,0,2,1,2,,,,,,1,20170401
271007,A6,1322,202104,202403,捠強宆撈帺僒乕價僗乛俁俀擔妱,79,2,31,1,3,0,90,0,2,1,2,,,,,,1,20210401
271007,A6,1322,202404,999999,捠強宆撈帺僒乕價僗乛俁侾俀擔妱,83,2,31,1,3,0,90,0,2,1,2,,,,,,1,20240401
271007,A6,1421,201704,201909,捠強宆撈帺僒乕價僗乛係俀,1152,3,1,1,3,0,90,0,2,1,2,,,,,,1,20170401
271007,A6,1421,201910,202103,捠強宆撈帺僒乕價僗乛係俀,1159,3,1,1,3,0,90,0,2,1,2,,,,,,1,20191001
271007,A6,1421,202104,202403,捠強宆撈帺僒乕價僗乛係俀,1170,3,1,1,3,0,90,0,2,1,2,,,,,,1,20210401
271007,A6,1421,202404,999999,捠強宆撈帺僒乕價僗乛係侾俀,1259,3,1,1,3,0,90,0,2,1,2,,,,,,1,20240401
271007,A6,1422,201704,202403,捠強宆撈帺僒乕價僗乛係俀擔妱,38,2,31,1,3,0,90,0,2,1,2,,,,,,1,20170401
271007,A6,1422,202404,999999,捠強宆撈帺僒乕價僗乛係侾俀擔妱,41,2,31,1,3,0,90,0,2,1,2,,,,,,1,20240401
271007,A6,4001,202104,999999,捠強宆撈帺僒乕價僗惗妶婡擻岦忋楢実壛嶼嘥,100,3,1,1,3,0,90,0,2,2,2,,,,,,1,20210401
271007,A6,4002,201810,202103,捠強宆撈帺僒乕價僗惗妶婡擻岦忋楢実壛嶼侾,200,3,1,1,3,0,90,0,2,2,2,,,,,,1,20181001
271007,A6,4002,202104,202403,捠強宆撈帺僒乕價僗惗妶婡擻岦忋楢実壛嶼嘦侾,200,3,1,1,3,0,90,0,2,2,2,,,,,,1,20210401
271007,A6,4002,202404,999999,捠強宆撈帺僒乕價僗惗妶婡擻岦忋楢実壛嶼嘦,200,3,1,1,3,0,90,0,2,2,2,,,,,,1,20240401
271007,A6,4003,201810,202103,捠強宆撈帺僒乕價僗惗妶婡擻岦忋楢実壛嶼俀,100,3,1,1,3,0,90,0,2,2,2,,,,,,1,20181001
271007,A6,4003,202104,202403,捠強宆撈帺僒乕價僗惗妶婡擻岦忋楢実壛嶼嘦俀,100,3,1,1,3,0,90,0,2,2,2,,,,,,1,20210401
271007,A6,4011,202104,999999,捠強宆撈帺僒乕價僗惗妶婡擻岦忋楢実壛嶼嘥乛俀,100,3,1,1,3,0,90,0,2,2,2,,,,,,1,20210401
271007,A6,4012,201810,202103,捠強宆撈帺僒乕價僗惗妶婡擻岦忋楢実壛嶼乛俀侾,200,3,1,1,3,0,90,0,2,2,2,,,,,,1,20181001
271007,A6,4012,202104,202403,捠強宆撈帺僒乕價僗惗妶婡擻岦忋楢実壛嶼嘦乛俀侾,200,3,1,1,3,0,90,0,2,2,2,,,,,,1,20210401
271007,A6,4012,202404,999999,捠強宆撈帺僒乕價僗惗妶婡擻岦忋楢実壛嶼嘦乛俀,200,3,1,1,3,0,90,0,2,2,2,,,,,,1,20240401
271007,A6,4013,201810,202103,捠強宆撈帺僒乕價僗惗妶婡擻岦忋楢実壛嶼乛俀俀,100,3,1,1,3,0,90,0,2,2,2,,,,,,1,20181001
271007,A6,4013,202104,202403,捠強宆撈帺僒乕價僗惗妶婡擻岦忋楢実壛嶼嘦乛俀俀,100,3,1,1,3,0,90,0,2,2,2,,,,,,1,20210401
271007,A6,4021,202104,999999,捠強宆撈帺僒乕價僗惗妶婡擻岦忋楢実壛嶼嘥乛俁,100,3,1,1,3,0,90,0,2,2,2,,,,,,1,20210401
271007,A6,4022,201810,202103,捠強宆撈帺僒乕價僗惗妶婡擻岦忋楢実壛嶼乛俁侾,200,3,1,1,3,0,90,0,2,2,2,,,,,,1,20181001
271007,A6,4022,202104,202403,捠強宆撈帺僒乕價僗惗妶婡擻岦忋楢実壛嶼嘦乛俁侾,200,3,1,1,3,0,90,0,2,2,2,,,,,,1,20210401
271007,A6,4022,202404,999999,捠強宆撈帺僒乕價僗惗妶婡擻岦忋楢実壛嶼嘦乛俁,200,3,1,1,3,0,90,0,2,2,2,,,,,,1,20240401
271007,A6,4023,201810,202103,捠強宆撈帺僒乕價僗惗妶婡擻岦忋楢実壛嶼乛俁俀,100,3,1,1,3,0,90,0,2,2,2,,,,,,1,20181001
271007,A6,4023,202104,202403,捠強宆撈帺僒乕價僗惗妶婡擻岦忋楢実壛嶼嘦乛俁俀,100,3,1,1,3,0,90,0,2,2,2,,,,,,1,20210401
271007,A6,4031,202104,999999,捠強宆撈帺僒乕價僗惗妶婡擻岦忋楢実壛嶼嘥乛係,100,3,1,1,3,0,90,0,2,2,2,,,,,,1,20210401
271007,A6,4032,201810,202103,捠強宆撈帺僒乕價僗惗妶婡擻岦忋楢実壛嶼乛係侾,200,3,1,1,3,0,90,0,2,2,2,,,,,,1,20181001
271007,A6,4032,202104,202403,捠強宆撈帺僒乕價僗惗妶婡擻岦忋楢実壛嶼嘦乛係侾,200,3,1,1,3,0,90,0,2,2,2,,,,,,1,20210401
271007,A6,4032,202404,999999,捠強宆撈帺僒乕價僗惗妶婡擻岦忋楢実壛嶼嘦乛係,200,3,1,1,3,0,90,0,2,2,2,,,,,,1,20240401
271007,A6,4033,201810,202103,捠強宆撈帺僒乕價僗惗妶婡擻岦忋楢実壛嶼乛係俀,100,3,1,1,3,0,90,0,2,2,2,,,,,,1,20181001
271007,A6,4033,202104,202403,捠強宆撈帺僒乕價僗惗妶婡擻岦忋楢実壛嶼嘦乛係俀,100,3,1,1,3,0,90,0,2,2,2,,,,,,1,20210401
271007,A6,5002,201704,202403,捠強宆撈帺僒乕價僗塣摦婍婡擻岦忋壛嶼,225,3,1,1,3,0,90,0,2,2,2,,,,,,1,20170401
271007,A6,5003,201704,202103,捠強宆撈帺僒乕價僗塰梴夵慞壛嶼,150,3,1,1,3,0,90,0,2,2,2,,,,,,1,20170401
271007,A6,5003,202104,999999,捠強宆撈帺僒乕價僗塰梴夵慞壛嶼,200,3,1,1,3,0,90,0,2,2,2,,,,,,1,20210401
271007,A6,5004,201704,202103,捠強宆撈帺僒乕價僗岥峯婡擻岦忋壛嶼,150,3,1,1,3,0,90,0,2,2,2,,,,,,1,20170401
271007,A6,5004,202104,999999,捠強宆撈帺僒乕價僗岥峯婡擻岦忋壛嶼嘥,150,3,1,1,3,0,90,0,2,2,2,,,,,,1,20210401
271007,A6,5005,201704,202403,捠強宆撈帺僒乕價僗帠嬈強昡壙壛嶼,120,3,1,1,3,0,90,0,2,2,2,,,,,,1,20170401
271007,A6,5006,201704,202403,捠強宆撈帺暋悢僒乕價僗幚巤壛嶼嘥侾,480,3,1,1,3,0,90,0,2,2,2,,,,,,1,20170401
271007,A6,5007,201704,202403,捠強宆撈帺暋悢僒乕價僗幚巤壛嶼嘥俀,480,3,1,1,3,0,90,0,2,2,2,,,,,,1,20170401
271007,A6,5008,201704,202403,捠強宆撈帺暋悢僒乕價僗幚巤壛嶼嘥俁,480,3,1,1,3,0,90,0,2,2,2,,,,,,1,20170401
271007,A6,5009,201704,202403,捠強宆撈帺暋悢僒乕價僗幚巤壛嶼嘦,700,3,1,1,3,0,90,0,2,2,2,,,,,,1,20170401
271007,A6,5010,201704,999999,捠強宆撈帺惗妶岦忋僌儖乕僾妶摦壛嶼,100,3,1,1,3,0,90,0,2,2,2,,,,,,1,20170401
271007,A6,5011,202104,999999,捠強宆撈帺僒乕價僗岥峯婡擻岦忋壛嶼嘦,160,3,1,1,3,0,90,0,2,2,2,,,,,,1,20210401
271007,A6,5012,201704,202403,捠強宆撈帺僒乕價僗塣摦婍婡擻岦忋壛嶼乛俀,225,3,1,1,3,0,90,0,2,2,2,,,,,,1,20170401
271007,A6,5013,201704,202103,捠強宆撈帺僒乕價僗塰梴夵慞壛嶼乛俀,150,3,1,1,3,0,90,0,2,2,2,,,,,,1,20170401
271007,A6,5013,202104,999999,捠強宆撈帺僒乕價僗塰梴夵慞壛嶼乛俀,200,3,1,1,3,0,90,0,2,2,2,,,,,,1,20210401
271007,A6,5014,201704,202103,捠強宆撈帺僒乕價僗岥峯婡擻岦忋壛嶼乛俀,150,3,1,1,3,0,90,0,2,2,2,,,,,,1,20170401
271007,A6,5014,202104,999999,捠強宆撈帺僒乕價僗岥峯婡擻岦忋壛嶼嘥乛俀,150,3,1,1,3,0,90,0,2,2,2,,,,,,1,20210401
271007,A6,5015,201704,202403,捠強宆撈帺僒乕價僗帠嬈強昡壙壛嶼乛俀,120,3,1,1,3,0,90,0,2,2,2,,,,,,1,20170401
271007,A6,5016,201704,202403,捠強宆撈帺暋悢僒乕價僗幚巤壛嶼嘥乛俀侾,480,3,1,1,3,0,90,0,2,2,2,,,,,,1,20170401
271007,A6,5017,201704,202403,捠強宆撈帺暋悢僒乕價僗幚巤壛嶼嘥乛俀俀,480,3,1,1,3,0,90,0,2,2,2,,,,,,1,20170401
271007,A6,5018,201704,202403,捠強宆撈帺暋悢僒乕價僗幚巤壛嶼嘥乛俀俁,480,3,1,1,3,0,90,0,2,2,2,,,,,,1,20170401
271007,A6,5019,201704,202403,捠強宆撈帺暋悢僒乕價僗幚巤壛嶼嘦乛俀,700,3,1,1,3,0,90,0,2,2,2,,,,,,1,20170401
271007,A6,5020,201704,999999,捠強宆撈帺惗妶岦忋僌儖乕僾妶摦壛嶼乛俀,100,3,1,1,3,0,90,0,2,2,2,,,,,,1,20170401
271007,A6,5021,202104,999999,捠強宆撈帺僒乕價僗岥峯婡擻岦忋壛嶼嘦乛俀,160,3,1,1,3,0,90,0,2,2,2,,,,,,1,20210401
271007,A6,5022,201704,202403,捠強宆撈帺僒乕價僗塣摦婍婡擻岦忋壛嶼乛俁,225,3,1,1,3,0,90,0,2,2,2,,,,,,1,20170401
271007,A6,5023,201704,202103,捠強宆撈帺僒乕價僗塰梴夵慞壛嶼乛俁,150,3,1,1,3,0,90,0,2,2,2,,,,,,1,20170401
271007,A6,5023,202104,999999,捠強宆撈帺僒乕價僗塰梴夵慞壛嶼乛俁,200,3,1,1,3,0,90,0,2,2,2,,,,,,1,20210401
271007,A6,5024,201704,202103,捠強宆撈帺僒乕價僗岥峯婡擻岦忋壛嶼乛俁,150,3,1,1,3,0,90,0,2,2,2,,,,,,1,20170401
271007,A6,5024,202104,999999,捠強宆撈帺僒乕價僗岥峯婡擻岦忋壛嶼嘥乛俁,150,3,1,1,3,0,90,0,2,2,2,,,,,,1,20210401
271007,A6,5025,201704,202403,捠強宆撈帺僒乕價僗帠嬈強昡壙壛嶼乛俁,120,3,1,1,3,0,90,0,2,2,2,,,,,,1,20170401
271007,A6,5026,201704,202403,捠強宆撈帺暋悢僒乕價僗幚巤壛嶼嘥乛俁侾,480,3,1,1,3,0,90,0,2,2,2,,,,,,1,20170401
271007,A6,5027,201704,202403,捠強宆撈帺暋悢僒乕價僗幚巤壛嶼嘥乛俁俀,480,3,1,1,3,0,90,0,2,2,2,,,,,,1,20170401
271007,A6,5028,201704,202403,捠強宆撈帺暋悢僒乕價僗幚巤壛嶼嘥乛俁俁,480,3,1,1,3,0,90,0,2,2,2,,,,,,1,20170401
271007,A6,5029,201704,202403,捠強宆撈帺暋悢僒乕價僗幚巤壛嶼嘦乛俁,700,3,1,1,3,0,90,0,2,2,2,,,,,,1,20170401
271007,A6,5030,201704,999999,捠強宆撈帺惗妶岦忋僌儖乕僾妶摦壛嶼乛俁,100,3,1,1,3,0,90,0,2,2,2,,,,,,1,20170401
271007,A6,5031,202104,999999,捠強宆撈帺僒乕價僗岥峯婡擻岦忋壛嶼嘦乛俁,160,3,1,1,3,0,90,0,2,2,2,,,,,,1,20210401
271007,A6,5032,201704,202403,捠強宆撈帺僒乕價僗塣摦婍婡擻岦忋壛嶼乛係,225,3,1,1,3,0,90,0,2,2,2,,,,,,1,20170401
271007,A6,5033,201704,202103,捠強宆撈帺僒乕價僗塰梴夵慞壛嶼乛係,150,3,1,1,3,0,90,0,2,2,2,,,,,,1,20170401
271007,A6,5033,202104,999999,捠強宆撈帺僒乕價僗塰梴夵慞壛嶼乛係,200,3,1,1,3,0,90,0,2,2,2,,,,,,1,20210401
271007,A6,5034,201704,202103,捠強宆撈帺僒乕價僗岥峯婡擻岦忋壛嶼乛係,150,3,1,1,3,0,90,0,2,2,2,,,,,,1,20170401
271007,A6,5034,202104,999999,捠強宆撈帺僒乕價僗岥峯婡擻岦忋壛嶼嘥乛係,150,3,1,1,3,0,90,0,2,2,2,,,,,,1,20210401
271007,A6,5035,201704,202403,捠強宆撈帺僒乕價僗帠嬈強昡壙壛嶼乛係,120,3,1,1,3,0,90,0,2,2,2,,,,,,1,20170401
271007,A6,5036,201704,202403,捠強宆撈帺暋悢僒乕價僗幚巤壛嶼嘥乛係侾,480,3,1,1,3,0,90,0,2,2,2,,,,,,1,20170401
271007,A6,5037,201704,202403,捠強宆撈帺暋悢僒乕價僗幚巤壛嶼嘥乛係俀,480,3,1,1,3,0,90,0,2,2,2,,,,,,1,20170401
271007,A6,5038,201704,202403,捠強宆撈帺暋悢僒乕價僗幚巤壛嶼嘥乛係俁,480,3,1,1,3,0,90,0,2,2,2,,,,,,1,20170401
271007,A6,5039,201704,202403,捠強宆撈帺暋悢僒乕價僗幚巤壛嶼嘦乛係,700,3,1,1,3,0,90,0,2,2,2,,,,,,1,20170401
271007,A6,5040,201704,999999,捠強宆撈帺惗妶岦忋僌儖乕僾妶摦壛嶼乛係,100,3,1,1,3,0,90,0,2,2,2,,,,,,1,20170401
271007,A6,5041,202104,999999,捠強宆撈帺僒乕價僗岥峯婡擻岦忋壛嶼嘦乛係,160,3,1,1,3,0,90,0,2,2,2,,,,,,1,20210401
271007,A6,5612,202404,999999,捠強宆撈帺憲寎尭嶼,-47,1,62,1,3,0,90,0,2,2,2,,,,,,1,20240401
271007,A6,5622,202404,999999,捠強宆撈帺憲寎尭嶼乛俀,-47,1,62,1,3,0,90,0,2,2,2,,,,,,1,20240401
271007,A6,5632,202404,999999,捠強宆撈帺憲寎尭嶼乛俁,-47,1,62,1,3,0,90,0,2,2,2,,,,,,1,20240401
271007,A6,5642,202404,999999,捠強宆撈帺憲寎尭嶼乛係,-47,1,62,1,3,0,90,0,2,2,2,,,,,,1,20240401
271007,A6,6011,202104,999999,捠強宆撈帺僒乕價僗採嫙懱惂壛嶼嘥侾,88,3,1,1,0,0,90,0,2,2,1,,,,,,1,20210401
271007,A6,6012,202104,999999,捠強宆撈帺僒乕價僗採嫙懱惂壛嶼嘥俀,176,3,1,1,0,0,90,0,2,1,2,,,,,,1,20210401
271007,A6,6022,202104,999999,捠強宆撈帺僒乕價僗採嫙懱惂壛嶼嘥乛俀俀,88,3,1,1,0,0,90,0,2,1,2,,,,,,1,20210401
271007,A6,6031,202104,999999,捠強宆撈帺僒乕價僗採嫙懱惂壛嶼嘥乛俁侾,88,3,1,1,0,0,90,0,2,2,1,,,,,,1,20210401
271007,A6,6032,202104,999999,捠強宆撈帺僒乕價僗採嫙懱惂壛嶼嘥乛俁俀,176,3,1,1,0,0,90,0,2,1,2,,,,,,1,20210401
271007,A6,6042,202104,999999,捠強宆撈帺僒乕價僗採嫙懱惂壛嶼嘥乛係俀,88,3,1,1,0,0,90,0,2,1,2,,,,,,1,20210401
271007,A6,6100,201704,202405,捠強宆撈帺僒乕價僗張嬾夵慞壛嶼嘥,59,3,1,1,0,0,90,0,2,2,2,,,,,,1,20170401
271007,A6,6100,202406,202605,捠強宆撈帺僒乕價僗張嬾夵慞壛嶼嘥,92,3,1,1,0,0,90,0,2,2,2,,,,,,1,20240401
271007,A6,6100,202606,999999,捠強宆撈帺僒乕價僗張嬾夵慞壛嶼嘥侾侾,111,3,1,1,0,0,90,0,2,2,2,,,,,,1,20260601
271007,A6,6101,201704,202103,捠強宆撈帺僒乕價僗採嫙懱惂壛嶼嘥俀侾,48,3,1,1,0,0,90,0,2,2,1,,,,,,1,20170401
271007,A6,6102,201704,202103,捠強宆撈帺僒乕價僗採嫙懱惂壛嶼嘥俀俀,96,3,1,1,0,0,90,0,2,1,2,,,,,,1,20170401
271007,A6,6103,201704,202103,捠強宆撈帺僒乕價僗採嫙懱惂壛嶼嘦侾,24,3,1,1,0,0,90,0,2,2,1,,,,,,1,20170401
271007,A6,6103,202104,999999,捠強宆撈帺僒乕價僗採嫙懱惂壛嶼嘨侾,24,3,1,1,0,0,90,0,2,2,1,,,,,,1,20210401
271007,A6,6104,201704,202103,捠強宆撈帺僒乕價僗採嫙懱惂壛嶼嘦俀,48,3,1,1,0,0,90,0,2,1,2,,,,,,1,20170401
271007,A6,6104,202104,999999,捠強宆撈帺僒乕價僗採嫙懱惂壛嶼嘨俀,48,3,1,1,0,0,90,0,2,1,2,,,,,,1,20210401
271007,A6,6105,201704,202103,捠強宆撈帺僒乕價僗摨堦寶暔尭嶼侾,-376,3,1,1,3,0,90,0,2,2,1,,,,,,1,20170401
271007,A6,6105,202104,999999,捠強宆撈帺僒乕價僗摨堦寶暔尭嶼侾,-376,3,1,1,0,0,90,0,2,2,1,,,,,,1,20210401
271007,A6,6106,201704,202103,捠強宆撈帺僒乕價僗摨堦寶暔尭嶼俀,-752,3,1,1,3,0,90,0,2,1,2,,,,,,1,20170401
271007,A6,6106,202104,999999,捠強宆撈帺僒乕價僗摨堦寶暔尭嶼俀,-752,3,1,1,0,0,90,0,2,1,2,,,,,,1,20170401
271007,A6,6107,201704,202103,捠強宆撈帺僒乕價僗採嫙懱惂壛嶼嘥侾侾,72,3,1,1,0,0,90,0,2,2,1,,,,,,1,20170401
271007,A6,6107,202104,999999,捠強宆撈帺僒乕價僗採嫙懱惂壛嶼嘦侾,72,3,1,1,0,0,90,0,2,2,1,,,,,,1,20210401
271007,A6,6108,201704,202103,捠強宆撈帺僒乕價僗採嫙懱惂壛嶼嘥侾俀,144,3,1,1,0,0,90,0,2,1,2,,,,,,1,20170401
271007,A6,6108,202104,999999,捠強宆撈帺僒乕價僗採嫙懱惂壛嶼嘦俀,144,3,1,1,0,0,90,0,2,1,2,,,,,,1,20210401
271007,A6,6109,201704,999999,捠強宆撈帺僒乕價僗庒擭惈擣抦徢庴擖壛嶼,240,3,1,1,3,0,90,0,2,2,2,,,,,,1,20170401
271007,A6,6110,201704,202405,捠強宆撈帺僒乕價僗張嬾夵慞壛嶼嘦,43,3,1,1,0,0,90,0,2,2,2,,,,,,1,20170401
271007,A6,6110,202406,202605,捠強宆撈帺僒乕價僗張嬾夵慞壛嶼嘦,90,3,1,1,0,0,90,0,2,2,2,,,,,,1,20240401
271007,A6,6110,202606,999999,捠強宆撈帺僒乕價僗張嬾夵慞壛嶼嘦侾侾,109,3,1,1,0,0,90,0,2,2,2,,,,,,1,20260601
271007,A6,6111,201704,202405,捠強宆撈帺僒乕價僗張嬾夵慞壛嶼嘨,23,3,1,1,0,0,90,0,2,2,2,,,,,,1,20170401
271007,A6,6111,202406,202605,捠強宆撈帺僒乕價僗張嬾夵慞壛嶼嘨,80,3,1,1,0,0,90,0,2,2,2,,,,,,1,20240401
271007,A6,6111,202606,999999,捠強宆撈帺僒乕價僗張嬾夵慞壛嶼嘨侾,99,3,1,1,0,0,90,0,2,2,2,,,,,,1,20260601
271007,A6,6113,201704,202203,捠強宆撈帺僒乕價僗張嬾夵慞壛嶼嘩,23,3,1,1,0,0,90,0,2,2,2,,,,,,1,20170401
271007,A6,6114,202210,202405,捠強宆撈帺僒乕價僗儀乕僗傾僢僾摍巟墖壛嶼,11,3,1,1,0,0,90,0,2,2,2,,,,,,1,20221001
271007,A6,6115,201704,202203,捠強宆撈帺僒乕價僗張嬾夵慞壛嶼嘪,23,3,1,1,0,0,90,0,2,2,2,,,,,,1,20170401
271007,A6,6116,202104,999999,捠強宆撈帺僒乕價僗塰梴傾僙僗儊儞僩壛嶼,50,3,1,1,3,0,90,0,2,2,2,,,,,,1,20210401
271007,A6,6118,201910,202405,捠強宆撈帺僒乕價僗摿掕張嬾夵慞壛嶼嘥,12,3,1,1,0,0,90,0,2,2,2,,,,,,1,20191001
271007,A6,6119,201910,202405,捠強宆撈帺僒乕價僗摿掕張嬾夵慞壛嶼嘦,10,3,1,1,0,0,90,0,2,2,2,,,,,,1,20191001
271007,A6,6120,202104,999999,捠強宆撈帺僒乕價僗塰梴傾僙僗儊儞僩壛嶼乛俀,50,3,1,1,3,0,90,0,2,2,2,,,,,,1,20210401
271007,A6,6122,201704,202103,捠強宆撈帺僒乕價僗採嫙懱惂壛嶼嘥乛俀俀俀,48,3,1,1,0,0,90,0,2,1,2,,,,,,1,20170401
271007,A6,6124,201704,202103,捠強宆撈帺僒乕價僗採嫙懱惂壛嶼嘦乛俀俀,24,3,1,1,0,0,90,0,2,1,2,,,,,,1,20170401
271007,A6,6124,202104,999999,捠強宆撈帺僒乕價僗採嫙懱惂壛嶼嘨乛俀俀,24,3,1,1,0,0,90,0,2,1,2,,,,,,1,20210401
271007,A6,6126,201704,202103,捠強宆撈帺僒乕價僗摨堦寶暔尭嶼乛俀俀,-376,3,1,1,3,0,90,0,2,1,2,,,,,,1,20170401
271007,A6,6126,202104,999999,捠強宆撈帺僒乕價僗摨堦寶暔尭嶼乛俀俀,-376,3,1,1,0,0,90,0,2,1,2,,,,,,1,20170401
271007,A6,6128,201704,202103,捠強宆撈帺僒乕價僗採嫙懱惂壛嶼嘥乛俀侾俀,72,3,1,1,0,0,90,0,2,1,2,,,,,,1,20170401
271007,A6,6128,202104,999999,捠強宆撈帺僒乕價僗採嫙懱惂壛嶼嘦乛俀俀,72,3,1,1,0,0,90,0,2,1,2,,,,,,1,20210401
271007,A6,6129,201704,999999,捠強宆撈帺僒乕價僗庒擭惈擣抦徢庴擖壛嶼乛俀,240,3,1,1,3,0,90,0,2,2,2,,,,,,1,20170401
271007,A6,6130,202104,999999,捠強宆撈帺僒乕價僗塰梴傾僙僗儊儞僩壛嶼乛俁,50,3,1,1,3,0,90,0,2,2,2,,,,,,1,20210401
271007,A6,6131,201704,202103,捠強宆撈帺僒乕價僗採嫙懱惂壛嶼嘥乛俁俀侾,48,3,1,1,0,0,90,0,2,2,1,,,,,,1,20170401
271007,A6,6132,201704,202103,捠強宆撈帺僒乕價僗採嫙懱惂壛嶼嘥乛俁俀俀,96,3,1,1,0,0,90,0,2,1,2,,,,,,1,20170401
271007,A6,6133,201704,202103,捠強宆撈帺僒乕價僗採嫙懱惂壛嶼嘦乛俁侾,24,3,1,1,0,0,90,0,2,2,1,,,,,,1,20170401
271007,A6,6133,202104,999999,捠強宆撈帺僒乕價僗採嫙懱惂壛嶼嘨乛俁侾,24,3,1,1,0,0,90,0,2,2,1,,,,,,1,20210401
271007,A6,6134,201704,202103,捠強宆撈帺僒乕價僗採嫙懱惂壛嶼嘦乛俁俀,48,3,1,1,0,0,90,0,2,1,2,,,,,,1,20170401
271007,A6,6134,202104,999999,捠強宆撈帺僒乕價僗採嫙懱惂壛嶼嘨乛俁俀,48,3,1,1,0,0,90,0,2,1,2,,,,,,1,20210401
271007,A6,6135,201704,202103,捠強宆撈帺僒乕價僗摨堦寶暔尭嶼乛俁侾,-376,3,1,1,3,0,90,0,2,2,1,,,,,,1,20170401
271007,A6,6135,202104,999999,捠強宆撈帺僒乕價僗摨堦寶暔尭嶼乛俁侾,-376,3,1,1,0,0,90,0,2,2,1,,,,,,1,20170401
271007,A6,6136,201704,202103,捠強宆撈帺僒乕價僗摨堦寶暔尭嶼乛俁俀,-752,3,1,1,3,0,90,0,2,1,2,,,,,,1,20170401
271007,A6,6136,202104,999999,捠強宆撈帺僒乕價僗摨堦寶暔尭嶼乛俁俀,-752,3,1,1,0,0,90,0,2,1,2,,,,,,1,20170401
271007,A6,6137,201704,202103,捠強宆撈帺僒乕價僗採嫙懱惂壛嶼嘥乛俁侾侾,72,3,1,1,0,0,90,0,2,2,1,,,,,,1,20170401
271007,A6,6137,202104,999999,捠強宆撈帺僒乕價僗採嫙懱惂壛嶼嘦乛俁侾,72,3,1,1,0,0,90,0,2,2,1,,,,,,1,20210401
271007,A6,6138,201704,202103,捠強宆撈帺僒乕價僗採嫙懱惂壛嶼嘥乛俁侾俀,144,3,1,1,0,0,90,0,2,1,2,,,,,,1,20170401
271007,A6,6138,202104,999999,捠強宆撈帺僒乕價僗採嫙懱惂壛嶼嘦乛俁俀,144,3,1,1,0,0,90,0,2,1,2,,,,,,1,20210401
271007,A6,6139,201704,999999,捠強宆撈帺僒乕價僗庒擭惈擣抦徢庴擖壛嶼乛俁,240,3,1,1,3,0,90,0,2,2,2,,,,,,1,20170401
271007,A6,6140,202104,999999,捠強宆撈帺僒乕價僗塰梴傾僙僗儊儞僩壛嶼乛係,50,3,1,1,3,0,90,0,2,2,2,,,,,,1,20210401
271007,A6,6142,201704,202103,捠強宆撈帺僒乕價僗採嫙懱惂壛嶼嘥乛係俀俀,48,3,1,1,0,0,90,0,2,1,2,,,,,,1,20170401
271007,A6,6144,201704,202103,捠強宆撈帺僒乕價僗採嫙懱惂壛嶼嘦乛係俀,24,3,1,1,0,0,90,0,2,1,2,,,,,,1,20170401
271007,A6,6144,202104,999999,捠強宆撈帺僒乕價僗採嫙懱惂壛嶼嘨乛係俀,24,3,1,1,0,0,90,0,2,1,2,,,,,,1,20210401
271007,A6,6146,201704,202103,捠強宆撈帺僒乕價僗摨堦寶暔尭嶼乛係俀,-376,3,1,1,3,0,90,0,2,1,2,,,,,,1,20170401
271007,A6,6146,202104,999999,捠強宆撈帺僒乕價僗摨堦寶暔尭嶼乛係俀,-376,3,1,1,0,0,90,0,2,1,2,,,,,,1,20170401
271007,A6,6148,201704,202103,捠強宆撈帺僒乕價僗採嫙懱惂壛嶼嘥乛係侾俀,72,3,1,1,0,0,90,0,2,1,2,,,,,,1,20170401
271007,A6,6148,202104,999999,捠強宆撈帺僒乕價僗採嫙懱惂壛嶼嘦乛係俀,72,3,1,1,0,0,90,0,2,1,2,,,,,,1,20210401
271007,A6,6149,201704,999999,捠強宆撈帺僒乕價僗庒擭惈擣抦徢庴擖壛嶼乛係,240,3,1,1,3,0,90,0,2,2,2,,,,,,1,20170401
271007,A6,6183,202606,999999,捠強宆撈帺僒乕價僗張嬾夵慞壛嶼嘥俀侾,120,3,1,1,0,0,90,0,2,2,2,,,,,,1,20260601
271007,A6,6184,202606,999999,捠強宆撈帺僒乕價僗張嬾夵慞壛嶼嘦俀侾,118,3,1,1,0,0,90,0,2,2,2,,,,,,1,20260601
271007,A6,6185,202606,999999,捠強宆撈帺僒乕價僗張嬾夵慞壛嶼嘥侾俀,117,3,1,1,0,0,90,0,2,2,2,,,,,,1,20260601
271007,A6,6186,202606,999999,捠強宆撈帺僒乕價僗張嬾夵慞壛嶼嘥俀俀,127,3,1,1,0,0,90,0,2,2,2,,,,,,1,20260601
271007,A6,6187,202606,999999,捠強宆撈帺僒乕價僗張嬾夵慞壛嶼嘦侾俀,115,3,1,1,0,0,90,0,2,2,2,,,,,,1,20260601
271007,A6,6188,202606,999999,捠強宆撈帺僒乕價僗張嬾夵慞壛嶼嘦俀俀,125,3,1,1,0,0,90,0,2,2,2,,,,,,1,20260601
271007,A6,6189,202606,999999,捠強宆撈帺僒乕價僗張嬾夵慞壛嶼嘨俀,105,3,1,1,0,0,90,0,2,2,2,,,,,,1,20260601
271007,A6,6190,202606,999999,捠強宆撈帺僒乕價僗張嬾夵慞壛嶼嘩俀,89,3,1,1,0,0,90,0,2,2,2,,,,,,1,20260601
271007,A6,6200,202104,999999,捠強宆撈帺僒乕價僗岥峯塰梴僗僋儕乕僯儞僌壛嶼嘥,20,1,1,1,3,0,90,0,2,2,2,,,,,,1,20210401
271007,A6,6201,201810,202103,捠強宆撈帺僒乕價僗塰梴僗僋儕乕僯儞僌壛嶼,5,1,1,1,3,0,90,0,2,2,2,,,,,,1,20181001
271007,A6,6201,202104,999999,捠強宆撈帺僒乕價僗岥峯塰梴僗僋儕乕僯儞僌壛嶼嘦,5,1,1,1,3,0,90,0,2,2,2,,,,,,1,20210401
271007,A6,6207,202404,999999,捠強宆撈帺僒乕價僗摨堦寶暔尭嶼俁,-94,1,31,1,0,0,90,0,2,2,2,,,,,,1,20240401
271007,A6,6210,202104,999999,捠強宆撈帺僒乕價僗岥峯塰梴僗僋儕乕僯儞僌壛嶼嘥乛俀,20,1,1,1,3,0,90,0,2,2,2,,,,,,1,20210401
271007,A6,6211,201810,202103,捠強宆撈帺僒乕價僗塰梴僗僋儕乕僯儞僌壛嶼乛俀,5,1,1,1,3,0,90,0,2,2,2,,,,,,1,20181001
271007,A6,6211,202104,999999,捠強宆撈帺僒乕價僗岥峯塰梴僗僋儕乕僯儞僌壛嶼嘦乛俀,5,1,1,1,3,0,90,0,2,2,2,,,,,,1,20210401
271007,A6,6220,202104,999999,捠強宆撈帺僒乕價僗岥峯塰梴僗僋儕乕僯儞僌壛嶼嘥乛俁,20,1,1,1,3,0,90,0,2,2,2,,,,,,1,20210401
271007,A6,6221,201810,202103,捠強宆撈帺僒乕價僗塰梴僗僋儕乕僯儞僌壛嶼乛俁,5,1,1,1,3,0,90,0,2,2,2,,,,,,1,20181001
271007,A6,6221,202104,999999,捠強宆撈帺僒乕價僗岥峯塰梴僗僋儕乕僯儞僌壛嶼嘦乛俁,5,1,1,1,3,0,90,0,2,2,2,,,,,,1,20210401
271007,A6,6227,202404,999999,捠強宆撈帺僒乕價僗摨堦寶暔尭嶼乛俀俁,-94,1,31,1,0,0,90,0,2,2,2,,,,,,1,20240401
271007,A6,6230,202104,999999,捠強宆撈帺僒乕價僗岥峯塰梴僗僋儕乕僯儞僌壛嶼嘥乛係,20,1,1,1,3,0,90,0,2,2,2,,,,,,1,20210401
271007,A6,6231,201810,202103,捠強宆撈帺僒乕價僗塰梴僗僋儕乕僯儞僌壛嶼乛係,5,1,1,1,3,0,90,0,2,2,2,,,,,,1,20181001
271007,A6,6231,202104,999999,捠強宆撈帺僒乕價僗岥峯塰梴僗僋儕乕僯儞僌壛嶼嘦乛係,5,1,1,1,3,0,90,0,2,2,2,,,,,,1,20210401
271007,A6,6237,202404,999999,捠強宆撈帺僒乕價僗摨堦寶暔尭嶼乛俁俁,-94,1,31,1,0,0,90,0,2,2,2,,,,,,1,20240401
271007,A6,6247,202404,999999,捠強宆撈帺僒乕價僗摨堦寶暔尭嶼乛係俁,-94,1,31,1,0,0,90,0,2,2,2,,,,,,1,20240401
271007,A6,6310,202404,999999,捠強宆撈帺堦懱揑僒乕價僗採嫙壛嶼,480,3,1,1,3,0,90,0,2,2,2,,,,,,1,20240401
271007,A6,6311,202104,999999,捠強宆撈帺僒乕價僗壢妛揑夘岇悇恑懱惂壛嶼,40,3,1,1,3,0,90,0,2,2,2,,,,,,1,20210401
271007,A6,6320,202404,999999,捠強宆撈帺堦懱揑僒乕價僗採嫙壛嶼乛俀,480,3,1,1,3,0,90,0,2,2,2,,,,,,1,20240401
271007,A6,6321,202104,999999,捠強宆撈帺僒乕價僗壢妛揑夘岇悇恑懱惂壛嶼乛俀,40,3,1,1,3,0,90,0,2,2,2,,,,,,1,20210401
271007,A6,6330,202404,999999,捠強宆撈帺堦懱揑僒乕價僗採嫙壛嶼乛俁,480,3,1,1,3,0,90,0,2,2,2,,,,,,1,20240401
271007,A6,6331,202104,999999,捠強宆撈帺僒乕價僗壢妛揑夘岇悇恑懱惂壛嶼乛俁,40,3,1,1,3,0,90,0,2,2,2,,,,,,1,20210401
271007,A6,6340,202404,999999,捠強宆撈帺堦懱揑僒乕價僗採嫙壛嶼乛係,480,3,1,1,3,0,90,0,2,2,2,,,,,,1,20240401
271007,A6,6341,202104,999999,捠強宆撈帺僒乕價僗壢妛揑夘岇悇恑懱惂壛嶼乛係,40,3,1,1,3,0,90,0,2,2,2,,,,,,1,20210401
271007,A6,6380,202406,202605,捠強宆撈帺僒乕價僗張嬾夵慞壛嶼嘩,64,3,1,1,0,0,90,0,2,2,2,,,,,,1,20240401
271007,A6,6380,202606,999999,捠強宆撈帺僒乕價僗張嬾夵慞壛嶼嘩侾,83,3,1,1,0,0,90,0,2,2,2,,,,,,1,20260601
271007,A6,6381,202406,202503,捠強宆撈帺僒乕價僗張嬾夵慞壛嶼嘪侾,81,3,1,1,0,0,90,0,2,2,2,,,,,,1,20240401
271007,A6,6382,202406,202503,捠強宆撈帺僒乕價僗張嬾夵慞壛嶼嘪俀,76,3,1,1,0,0,90,0,2,2,2,,,,,,1,20240401
271007,A6,6383,202406,202503,捠強宆撈帺僒乕價僗張嬾夵慞壛嶼嘪俁,79,3,1,1,0,0,90,0,2,2,2,,,,,,1,20240401
271007,A6,6384,202406,202503,捠強宆撈帺僒乕價僗張嬾夵慞壛嶼嘪係,74,3,1,1,0,0,90,0,2,2,2,,,,,,1,20240401
271007,A6,6385,202406,202503,捠強宆撈帺僒乕價僗張嬾夵慞壛嶼嘪俆,65,3,1,1,0,0,90,0,2,2,2,,,,,,1,20240401
271007,A6,6386,202406,202503,捠強宆撈帺僒乕價僗張嬾夵慞壛嶼嘪俇,63,3,1,1,0,0,90,0,2,2,2,,,,,,1,20240401
271007,A6,6387,202406,202503,捠強宆撈帺僒乕價僗張嬾夵慞壛嶼嘪俈,56,3,1,1,0,0,90,0,2,2,2,,,,,,1,20240401
271007,A6,6388,202406,202503,捠強宆撈帺僒乕價僗張嬾夵慞壛嶼嘪俉,69,3,1,1,0,0,90,0,2,2,2,,,,,,1,20240401
271007,A6,6389,202406,202503,捠強宆撈帺僒乕價僗張嬾夵慞壛嶼嘪俋,54,3,1,1,0,0,90,0,2,2,2,,,,,,1,20240401
271007,A6,6390,202406,202503,捠強宆撈帺僒乕價僗張嬾夵慞壛嶼嘪侾侽,45,3,1,1,0,0,90,0,2,2,2,,,,,,1,20240401
271007,A6,6391,202406,202503,捠強宆撈帺僒乕價僗張嬾夵慞壛嶼嘪侾侾,53,3,1,1,0,0,90,0,2,2,2,,,,,,1,20240401
271007,A6,6392,202406,202503,捠強宆撈帺僒乕價僗張嬾夵慞壛嶼嘪侾俀,43,3,1,1,0,0,90,0,2,2,2,,,,,,1,20240401
271007,A6,6393,202406,202503,捠強宆撈帺僒乕價僗張嬾夵慞壛嶼嘪侾俁,44,3,1,1,0,0,90,0,2,2,2,,,,,,1,20240401
271007,A6,6394,202406,202503,捠強宆撈帺僒乕價僗張嬾夵慞壛嶼嘪侾係,33,3,1,1,0,0,90,0,2,2,2,,,,,,1,20240401
271007,A6,8001,201704,201909,捠強宆撈帺僒乕價僗侾丒掕挻,1153,3,1,1,3,0,90,0,2,2,1,,,,,,1,20170401
271007,A6,8001,201910,202103,捠強宆撈帺僒乕價僗侾丒掕挻,1159,3,1,1,3,0,90,0,2,2,1,,,,,,1,20191001
271007,A6,8001,202104,202403,捠強宆撈帺僒乕價僗侾丒掕挻,1170,3,1,1,3,0,90,0,2,2,1,,,,,,1,20210401
271007,A6,8001,202404,999999,捠強宆撈帺僒乕價僗侾侾丒掕挻,1259,3,1,1,3,0,90,0,2,2,1,,,,,,1,20240401
271007,A6,8002,201704,202103,捠強宆撈帺僒乕價僗侾擔妱丒掕挻,38,2,31,1,3,0,90,0,2,2,1,,,,,,1,20170401
271007,A6,8002,202104,202403,捠強宆撈帺僒乕價僗侾擔妱丒掕挻,39,2,31,1,3,0,90,0,2,2,1,,,,,,1,20210401
271007,A6,8002,202404,999999,捠強宆撈帺僒乕價僗侾侾擔妱丒掕挻,41,2,31,1,3,0,90,0,2,2,1,,,,,,1,20240401
271007,A6,8007,201704,201909,捠強宆撈帺僒乕價僗乛俁侾丒掕挻,806,3,1,1,3,0,90,0,2,2,1,,,,,,1,20170401
271007,A6,8007,201910,202103,捠強宆撈帺僒乕價僗乛俁侾丒掕挻,811,3,1,1,3,0,90,0,2,2,1,,,,,,1,20191001
271007,A6,8007,202104,202403,捠強宆撈帺僒乕價僗乛俁侾丒掕挻,819,3,1,1,3,0,90,0,2,2,1,,,,,,1,20210401
271007,A6,8007,202404,999999,捠強宆撈帺僒乕價僗乛俁侾侾丒掕挻,881,3,1,1,3,0,90,0,2,2,1,,,,,,1,20240401
271007,A6,8008,201704,202403,捠強宆撈帺僒乕價僗乛俁侾擔妱丒掕挻,27,2,31,1,3,0,90,0,2,2,1,,,,,,1,20170401
271007,A6,8008,202404,999999,捠強宆撈帺僒乕價僗乛俁侾侾擔妱丒掕挻,29,2,31,1,3,0,90,0,2,2,1,,,,,,1,20240401
271007,A6,8011,201704,201909,捠強宆撈帺僒乕價僗俀丒掕挻,2364,3,1,1,3,0,90,0,2,1,2,,,,,,1,20170401
271007,A6,8011,201910,202103,捠強宆撈帺僒乕價僗俀丒掕挻,2375,3,1,1,3,0,90,0,2,1,2,,,,,,1,20191001
271007,A6,8011,202104,202403,捠強宆撈帺僒乕價僗俀丒掕挻,2400,3,1,1,3,0,90,0,2,1,2,,,,,,1,20210401
271007,A6,8011,202404,999999,捠強宆撈帺僒乕價僗俀侾丒掕挻,2535,3,1,1,3,0,90,0,2,1,2,,,,,,1,20240401
271007,A6,8012,201704,202103,捠強宆撈帺僒乕價僗俀擔妱丒掕挻,78,2,31,1,3,0,90,0,2,1,2,,,,,,1,20170401
271007,A6,8012,202104,202403,捠強宆撈帺僒乕價僗俀擔妱丒掕挻,79,2,31,1,3,0,90,0,2,1,2,,,,,,1,20210401
271007,A6,8012,202404,999999,捠強宆撈帺僒乕價僗俀侾擔妱丒掕挻,83,2,31,1,3,0,90,0,2,1,2,,,,,,1,20240401
271007,A6,8014,201704,201909,捠強宆撈帺僒乕價僗乛俀俀丒掕挻,1153,3,1,1,3,0,90,0,2,1,2,,,,,,1,20170401
271007,A6,8014,201910,202103,捠強宆撈帺僒乕價僗乛俀俀丒掕挻,1159,3,1,1,3,0,90,0,2,1,2,,,,,,1,20191001
271007,A6,8014,202104,202403,捠強宆撈帺僒乕價僗乛俀俀丒掕挻,1170,3,1,1,3,0,90,0,2,1,2,,,,,,1,20210401
271007,A6,8014,202404,999999,捠強宆撈帺僒乕價僗乛俀侾俀丒掕挻,1259,3,1,1,3,0,90,0,2,1,2,,,,,,1,20210401
271007,A6,8015,201704,202103,捠強宆撈帺僒乕價僗乛俀俀擔妱丒掕挻,38,2,31,1,3,0,90,0,2,1,2,,,,,,1,20170401
271007,A6,8015,202104,202403,捠強宆撈帺僒乕價僗乛俀俀擔妱丒掕挻,39,2,31,1,3,0,90,0,2,1,2,,,,,,1,20210401
271007,A6,8015,202404,999999,捠強宆撈帺僒乕價僗乛俀侾俀擔妱丒掕挻,41,2,31,1,3,0,90,0,2,1,2,,,,,,1,20210401
271007,A6,8017,201704,201909,捠強宆撈帺僒乕價僗乛俁俀丒掕挻,1654,3,1,1,3,0,90,0,2,1,2,,,,,,1,20170401
271007,A6,8017,201910,202103,捠強宆撈帺僒乕價僗乛俁俀丒掕挻,1663,3,1,1,3,0,90,0,2,1,2,,,,,,1,20191001
271007,A6,8017,202104,202403,捠強宆撈帺僒乕價僗乛俁俀丒掕挻,1680,3,1,1,3,0,90,0,2,1,2,,,,,,1,20210401
271007,A6,8017,202404,999999,捠強宆撈帺僒乕價僗乛俁侾俀丒掕挻,1775,3,1,1,3,0,90,0,2,1,2,,,,,,1,20240401
271007,A6,8018,201704,202403,捠強宆撈帺僒乕價僗乛俁俀擔妱丒掕挻,55,2,31,1,3,0,90,0,2,1,2,,,,,,1,20170401
271007,A6,8018,202404,999999,捠強宆撈帺僒乕價僗乛俁侾俀擔妱丒掕挻,58,2,31,1,3,0,90,0,2,1,2,,,,,,1,20240401
271007,A6,8031,201704,201909,捠強宆撈帺僒乕價僗乛係俀丒掕挻,806,3,1,1,3,0,90,0,2,1,2,,,,,,1,20170401
271007,A6,8031,201910,202103,捠強宆撈帺僒乕價僗乛係俀丒掕挻,811,3,1,1,3,0,90,0,2,1,2,,,,,,1,20191001
271007,A6,8031,202104,202403,捠強宆撈帺僒乕價僗乛係俀丒掕挻,819,3,1,1,3,0,90,0,2,1,2,,,,,,1,20210401
271007,A6,8031,202404,999999,捠強宆撈帺僒乕價僗乛係侾俀丒掕挻,881,3,1,1,3,0,90,0,2,1,2,,,,,,1,20240401
271007,A6,8032,201704,202403,捠強宆撈帺僒乕價僗乛係俀擔妱丒掕挻,27,2,31,1,3,0,90,0,2,1,2,,,,,,1,20170401
271007,A6,8032,202404,999999,捠強宆撈帺僒乕價僗乛係侾俀擔妱丒掕挻,29,2,31,1,3,0,90,0,2,1,2,,,,,,1,20240401
271007,A6,8310,202104,202109,捠強宆撈帺僒乕價僗椷榓俁擭俋寧俁侽擔傑偱偺忋忔偣暘,1,3,1,1,3,0,90,0,2,2,2,,,,,,1,20210401
271007,A6,9001,201704,201909,捠強宆撈帺僒乕價僗侾丒恖寚,1153,3,1,1,3,0,90,0,2,2,1,,,,,,1,20170401
271007,A6,9001,201910,202103,捠強宆撈帺僒乕價僗侾丒恖寚,1159,3,1,1,3,0,90,0,2,2,1,,,,,,1,20191001
271007,A6,9001,202104,202403,捠強宆撈帺僒乕價僗侾丒恖寚,1170,3,1,1,3,0,90,0,2,2,1,,,,,,1,20210401
271007,A6,9001,202404,999999,捠強宆撈帺僒乕價僗侾侾丒恖寚,1259,3,1,1,3,0,90,0,2,2,1,,,,,,1,20240401
271007,A6,9002,201704,202103,捠強宆撈帺僒乕價僗侾擔妱丒恖寚,38,2,31,1,3,0,90,0,2,2,1,,,,,,1,20170401
271007,A6,9002,202104,202403,捠強宆撈帺僒乕價僗侾擔妱丒恖寚,39,2,31,1,3,0,90,0,2,2,1,,,,,,1,20210401
271007,A6,9002,202404,999999,捠強宆撈帺僒乕價僗侾侾擔妱丒恖寚,41,2,31,1,3,0,90,0,2,2,1,,,,,,1,20240401
271007,A6,9007,201704,201909,捠強宆撈帺僒乕價僗乛俁侾丒恖寚,806,3,1,1,3,0,90,0,2,2,1,,,,,,1,20170401
271007,A6,9007,201910,202103,捠強宆撈帺僒乕價僗乛俁侾丒恖寚,811,3,1,1,3,0,90,0,2,2,1,,,,,,1,20191001
271007,A6,9007,202104,202403,捠強宆撈帺僒乕價僗乛俁侾丒恖寚,819,3,1,1,3,0,90,0,2,2,1,,,,,,1,20210401
271007,A6,9007,202404,999999,捠強宆撈帺僒乕價僗乛俁侾侾丒恖寚,881,3,1,1,3,0,90,0,2,2,1,,,,,,1,20240401
271007,A6,9008,201704,202403,捠強宆撈帺僒乕價僗乛俁侾擔妱丒恖寚,27,2,31,1,3,0,90,0,2,2,1,,,,,,1,20170401
271007,A6,9008,202404,999999,捠強宆撈帺僒乕價僗乛俁侾侾擔妱丒恖寚,29,2,31,1,3,0,90,0,2,2,1,,,,,,1,20240401
271007,A6,9011,201704,201909,捠強宆撈帺僒乕價僗俀丒恖寚,2364,3,1,1,3,0,90,0,2,1,2,,,,,,1,20170401
271007,A6,9011,201910,202103,捠強宆撈帺僒乕價僗俀丒恖寚,2375,3,1,1,3,0,90,0,2,1,2,,,,,,1,20191001
271007,A6,9011,202104,202403,捠強宆撈帺僒乕價僗俀丒恖寚,2400,3,1,1,3,0,90,0,2,1,2,,,,,,1,20210401
271007,A6,9011,202404,999999,捠強宆撈帺僒乕價僗俀侾丒恖寚,2535,3,1,1,3,0,90,0,2,1,2,,,,,,1,20240401
271007,A6,9012,201704,202103,捠強宆撈帺僒乕價僗俀擔妱丒恖寚,78,2,31,1,3,0,90,0,2,1,2,,,,,,1,20170401
271007,A6,9012,202104,202403,捠強宆撈帺僒乕價僗俀擔妱丒恖寚,79,2,31,1,3,0,90,0,2,1,2,,,,,,1,20210401
271007,A6,9012,202404,999999,捠強宆撈帺僒乕價僗俀侾擔妱丒恖寚,83,2,31,1,3,0,90,0,2,1,2,,,,,,1,20240401
271007,A6,9014,201704,201909,捠強宆撈帺僒乕價僗乛俀俀丒恖寚,1153,3,1,1,3,0,90,0,2,1,2,,,,,,1,20170401
271007,A6,9014,201910,202103,捠強宆撈帺僒乕價僗乛俀俀丒恖寚,1159,3,1,1,3,0,90,0,2,1,2,,,,,,1,20191001
271007,A6,9014,202104,202403,捠強宆撈帺僒乕價僗乛俀俀丒恖寚,1170,3,1,1,3,0,90,0,2,1,2,,,,,,1,20210401
271007,A6,9014,202404,999999,捠強宆撈帺僒乕價僗乛俀侾俀丒恖寚,1259,3,1,1,3,0,90,0,2,1,2,,,,,,1,20240401
271007,A6,9015,201704,202103,捠強宆撈帺僒乕價僗乛俀俀擔妱丒恖寚,38,2,31,1,3,0,90,0,2,1,2,,,,,,1,20170401
271007,A6,9015,202104,202403,捠強宆撈帺僒乕價僗乛俀俀擔妱丒恖寚,39,2,31,1,3,0,90,0,2,1,2,,,,,,1,20210401
271007,A6,9015,202404,999999,捠強宆撈帺僒乕價僗乛俀侾俀擔妱丒恖寚,41,2,31,1,3,0,90,0,2,1,2,,,,,,1,20240401
271007,A6,9017,201704,201909,捠強宆撈帺僒乕價僗乛俁俀丒恖寚,1654,3,1,1,3,0,90,0,2,1,2,,,,,,1,20170401
271007,A6,9017,201910,202103,捠強宆撈帺僒乕價僗乛俁俀丒恖寚,1663,3,1,1,3,0,90,0,2,1,2,,,,,,1,20191001
271007,A6,9017,202104,202403,捠強宆撈帺僒乕價僗乛俁俀丒恖寚,1680,3,1,1,3,0,90,0,2,1,2,,,,,,1,20210401
271007,A6,9017,202404,999999,捠強宆撈帺僒乕價僗乛俁侾俀丒恖寚,1775,3,1,1,3,0,90,0,2,1,2,,,,,,1,20240401
271007,A6,9018,201704,202403,捠強宆撈帺僒乕價僗乛俁俀擔妱丒恖寚,55,2,31,1,3,0,90,0,2,1,2,,,,,,1,20170401
271007,A6,9018,202404,999999,捠強宆撈帺僒乕價僗乛俁侾俀擔妱丒恖寚,58,2,31,1,3,0,90,0,2,1,2,,,,,,1,20240401
271007,A6,9031,201704,201909,捠強宆撈帺僒乕價僗乛係俀丒恖寚,806,3,1,1,3,0,90,0,2,1,2,,,,,,1,20170401
271007,A6,9031,201910,202103,捠強宆撈帺僒乕價僗乛係俀丒恖寚,811,3,1,1,3,0,90,0,2,1,2,,,,,,1,20191001
271007,A6,9031,202104,202403,捠強宆撈帺僒乕價僗乛係俀丒恖寚,819,3,1,1,3,0,90,0,2,1,2,,,,,,1,20210401
271007,A6,9031,202404,999999,捠強宆撈帺僒乕價僗乛係侾俀丒恖寚,881,3,1,1,3,0,90,0,2,1,2,,,,,,1,20240401
271007,A6,9032,201704,202403,捠強宆撈帺僒乕價僗乛係俀擔妱丒恖寚,27,2,31,1,3,0,90,0,2,1,2,,,,,,1,20170401
271007,A6,9032,202404,999999,捠強宆撈帺僒乕價僗乛係侾俀擔妱丒恖寚,29,2,31,1,3,0,90,0,2,1,2,,,,,,1,20240401
271007,A6,C211,202404,999999,捠強宆撈帺崅楊幰媠懸杊巭枹幚巤尭嶼侾侾,-18,3,1,1,3,0,90,0,2,2,1,,,,,,1,20240401
271007,A6,C212,202404,999999,捠強宆撈帺崅楊幰媠懸杊巭枹幚巤尭嶼侾侾擔妱,-1,2,31,1,3,0,90,0,2,2,1,,,,,,1,20240401
271007,A6,C213,202404,999999,捠強宆撈帺崅楊幰媠懸杊巭枹幚巤尭嶼侾俀,-36,3,1,1,3,0,90,0,2,1,2,,,,,,1,20240401
271007,A6,C214,202404,999999,捠強宆撈帺崅楊幰媠懸杊巭枹幚巤尭嶼侾俀擔妱,-1,2,31,1,3,0,90,0,2,1,2,,,,,,1,20240401
271007,A6,C223,202404,999999,捠強宆撈帺崅楊幰媠懸杊巭枹幚巤尭嶼乛俀侾俀,-18,3,1,1,3,0,90,0,2,1,2,,,,,,1,20240401
271007,A6,C224,202404,999999,捠強宆撈帺崅楊幰媠懸杊巭枹幚巤尭嶼乛俀侾俀擔妱,-1,2,31,1,3,0,90,0,2,1,2,,,,,,1,20240401
271007,A6,C231,202404,999999,捠強宆撈帺崅楊幰媠懸杊巭枹幚巤尭嶼俁侾侾,-18,3,1,1,3,0,90,0,2,2,1,,,,,,1,20240401
271007,A6,C232,202404,999999,捠強宆撈帺崅楊幰媠懸杊巭枹幚巤尭嶼俁侾侾擔妱,-1,2,31,1,3,0,90,0,2,2,1,,,,,,1,20240401
271007,A6,C233,202404,999999,捠強宆撈帺崅楊幰媠懸杊巭枹幚巤尭嶼俁侾俀,-36,3,1,1,3,0,90,0,2,1,2,,,,,,1,20240401
271007,A6,C234,202404,999999,捠強宆撈帺崅楊幰媠懸杊巭枹幚巤尭嶼俁侾俀擔妱,-1,2,31,1,3,0,90,0,2,1,2,,,,,,1,20240401
271007,A6,C243,202404,999999,捠強宆撈帺崅楊幰媠懸杊巭枹幚巤尭嶼乛係侾俀,-18,3,1,1,3,0,90,0,2,1,2,,,,,,1,20240401
271007,A6,C244,202404,999999,捠強宆撈帺崅楊幰媠懸杊巭枹幚巤尭嶼乛係侾俀擔妱,-1,2,31,1,3,0,90,0,2,1,2,,,,,,1,20240401
271007,A6,D211,202404,999999,捠強宆撈帺嬈柋宲懕寁夋枹嶔掕尭嶼侾侾,-18,3,1,1,3,0,90,0,2,2,1,,,,,,1,20240401
271007,A6,D212,202404,999999,捠強宆撈帺嬈柋宲懕寁夋枹嶔掕尭嶼侾侾擔妱,-1,2,31,1,3,0,90,0,2,2,1,,,,,,1,20240401
271007,A6,D213,202404,999999,捠強宆撈帺嬈柋宲懕寁夋枹嶔掕尭嶼侾俀,-36,3,1,1,3,0,90,0,2,1,2,,,,,,1,20240401
271007,A6,D214,202404,999999,捠強宆撈帺嬈柋宲懕寁夋枹嶔掕尭嶼侾俀擔妱,-1,2,31,1,3,0,90,0,2,1,2,,,,,,1,20240401
271007,A6,D223,202404,999999,捠強宆撈帺嬈柋宲懕寁夋枹嶔掕尭嶼乛俀侾俀,-18,3,1,1,3,0,90,0,2,1,2,,,,,,1,20240401
271007,A6,D224,202404,999999,捠強宆撈帺嬈柋宲懕寁夋枹嶔掕尭嶼乛俀侾俀擔妱,-1,2,31,1,3,0,90,0,2,1,2,,,,,,1,20240401
271007,A6,D231,202404,999999,捠強宆撈帺嬈柋宲懕寁夋枹嶔掕尭嶼俁侾侾,-18,3,1,1,3,0,90,0,2,2,1,,,,,,1,20240401
271007,A6,D232,202404,999999,捠強宆撈帺嬈柋宲懕寁夋枹嶔掕尭嶼俁侾侾擔妱,-1,2,31,1,3,0,90,0,2,2,1,,,,,,1,20240401
271007,A6,D233,202404,999999,捠強宆撈帺嬈柋宲懕寁夋枹嶔掕尭嶼俁侾俀,-36,3,1,1,3,0,90,0,2,1,2,,,,,,1,20240401
271007,A6,D234,202404,999999,捠強宆撈帺嬈柋宲懕寁夋枹嶔掕尭嶼俁侾俀擔妱,-1,2,31,1,3,0,90,0,2,1,2,,,,,,1,20240401
271007,A6,D243,202404,999999,捠強宆撈帺嬈柋宲懕寁夋枹嶔掕尭嶼乛係侾俀,-18,3,1,1,3,0,90,0,2,1,2,,,,,,1,20240401
271007,A6,D244,202404,999999,捠強宆撈帺嬈柋宲懕寁夋枹嶔掕尭嶼乛係侾俀擔妱,-1,2,31,1,3,0,90,0,2,1,2,,,,,,1,20240401
271007,A7,1001,201704,201909,慖戰宆捠強僒乕價僗丒塣摦婍丒侾妱晧扴,404,1,14,1,3,0,90,0,2,2,2,,,,,,1,20170401
271007,A7,1001,201910,202103,慖戰宆捠強僒乕價僗丒塣摦婍丒侾妱晧扴,406,1,14,1,3,0,90,0,2,2,2,,,,,,1,20191001
271007,A7,1001,202104,202109,慖戰宆捠強僒乕價僗丒塣摦婍丒侾妱晧扴,412,1,14,1,3,0,90,0,2,2,2,,,,,,1,20210401
271007,A7,1001,202110,202403,慖戰宆捠強僒乕價僗丒塣摦婍丒侾妱晧扴,411,1,14,1,3,0,90,0,2,2,2,,,,,,1,20211001
271007,A7,1001,202404,999999,慖戰宆捠強僒乕價僗丒塣摦婍丒侾妱晧扴,442,1,14,1,3,0,90,0,2,2,2,,,,,,1,20240401
271007,A7,1002,201704,201909,慖戰宆捠強僒乕價僗丒岥峯丒侾妱晧扴,404,1,3,1,3,0,90,0,2,2,2,,,,,,1,20170401
271007,A7,1002,201910,202103,慖戰宆捠強僒乕價僗丒岥峯丒侾妱晧扴,406,1,3,1,3,0,90,0,2,2,2,,,,,,1,20191001
271007,A7,1002,202104,202109,慖戰宆捠強僒乕價僗丒岥峯丒侾妱晧扴,412,1,3,1,3,0,90,0,2,2,2,,,,,,1,20210401
271007,A7,1002,202110,202403,慖戰宆捠強僒乕價僗丒岥峯丒侾妱晧扴,411,1,3,1,3,0,90,0,2,2,2,,,,,,1,20211001
271007,A7,1002,202404,999999,慖戰宆捠強僒乕價僗丒岥峯丒侾妱晧扴,442,1,3,1,3,0,90,0,2,2,2,,,,,,1,20240401
271007,A7,1003,201704,201909,慖戰宆捠強僒乕價僗丒塰梴丒侾妱晧扴,404,1,3,1,3,0,90,0,2,2,2,,,,,,1,20170401
271007,A7,1003,201910,202103,慖戰宆捠強僒乕價僗丒塰梴丒侾妱晧扴,406,1,3,1,3,0,90,0,2,2,2,,,,,,1,20191001
271007,A7,1003,202104,202109,慖戰宆捠強僒乕價僗丒塰梴丒侾妱晧扴,412,1,3,1,3,0,90,0,2,2,2,,,,,,1,20210401
271007,A7,1003,202110,202403,慖戰宆捠強僒乕價僗丒塰梴丒侾妱晧扴,411,1,3,1,3,0,90,0,2,2,2,,,,,,1,20211001
271007,A7,1003,202404,999999,慖戰宆捠強僒乕價僗丒塰梴丒侾妱晧扴,442,1,3,1,3,0,90,0,2,2,2,,,,,,1,20240401
271007,A7,1021,201704,201909,慖戰宆捠強僒乕價僗丒塣摦婍丒俀妱晧扴,404,1,14,1,3,0,80,0,2,2,2,,,,,,1,20170401
271007,A7,1021,201910,202103,慖戰宆捠強僒乕價僗丒塣摦婍丒俀妱晧扴,406,1,14,1,3,0,80,0,2,2,2,,,,,,1,20191001
271007,A7,1021,202104,202109,慖戰宆捠強僒乕價僗丒塣摦婍丒俀妱晧扴,412,1,14,1,3,0,80,0,2,2,2,,,,,,1,20210401
271007,A7,1021,202110,202403,慖戰宆捠強僒乕價僗丒塣摦婍丒俀妱晧扴,411,1,14,1,3,0,80,0,2,2,2,,,,,,1,20211001
271007,A7,1021,202404,999999,慖戰宆捠強僒乕價僗丒塣摦婍丒俀妱晧扴,442,1,14,1,3,0,80,0,2,2,2,,,,,,1,20240401
271007,A7,1022,201704,201909,慖戰宆捠強僒乕價僗丒岥峯丒俀妱晧扴,404,1,3,1,3,0,80,0,2,2,2,,,,,,1,20170401
271007,A7,1022,201910,202103,慖戰宆捠強僒乕價僗丒岥峯丒俀妱晧扴,406,1,3,1,3,0,80,0,2,2,2,,,,,,1,20191001
271007,A7,1022,202104,202109,慖戰宆捠強僒乕價僗丒岥峯丒俀妱晧扴,412,1,3,1,3,0,80,0,2,2,2,,,,,,1,20210401
271007,A7,1022,202110,202403,慖戰宆捠強僒乕價僗丒岥峯丒俀妱晧扴,411,1,3,1,3,0,80,0,2,2,2,,,,,,1,20211001
271007,A7,1022,202404,999999,慖戰宆捠強僒乕價僗丒岥峯丒俀妱晧扴,442,1,3,1,3,0,80,0,2,2,2,,,,,,1,20240401
271007,A7,1023,201704,201909,慖戰宆捠強僒乕價僗丒塰梴丒俀妱晧扴,404,1,3,1,3,0,80,0,2,2,2,,,,,,1,20170401
271007,A7,1023,201910,202103,慖戰宆捠強僒乕價僗丒塰梴丒俀妱晧扴,406,1,3,1,3,0,80,0,2,2,2,,,,,,1,20191001
271007,A7,1023,202104,202109,慖戰宆捠強僒乕價僗丒塰梴丒俀妱晧扴,412,1,3,1,3,0,80,0,2,2,2,,,,,,1,20210401
271007,A7,1023,202110,202403,慖戰宆捠強僒乕價僗丒塰梴丒俀妱晧扴,411,1,3,1,3,0,80,0,2,2,2,,,,,,1,20211001
271007,A7,1023,202404,999999,慖戰宆捠強僒乕價僗丒塰梴丒俀妱晧扴,442,1,3,1,3,0,80,0,2,2,2,,,,,,1,20240401
271007,A7,1031,201808,201909,慖戰宆捠強僒乕價僗丒塣摦婍丒俁妱晧扴,404,1,14,1,3,0,70,0,2,2,2,,,,,,1,20180801
271007,A7,1031,201910,202103,慖戰宆捠強僒乕價僗丒塣摦婍丒俁妱晧扴,406,1,14,1,3,0,70,0,2,2,2,,,,,,1,20191001
271007,A7,1031,202104,202109,慖戰宆捠強僒乕價僗丒塣摦婍丒俁妱晧扴,412,1,14,1,3,0,70,0,2,2,2,,,,,,1,20210401
271007,A7,1031,202110,202403,慖戰宆捠強僒乕價僗丒塣摦婍丒俁妱晧扴,411,1,14,1,3,0,70,0,2,2,2,,,,,,1,20211001
271007,A7,1031,202404,999999,慖戰宆捠強僒乕價僗丒塣摦婍丒俁妱晧扴,442,1,14,1,3,0,70,0,2,2,2,,,,,,1,20240401
271007,A7,1032,201808,201909,慖戰宆捠強僒乕價僗丒岥峯丒俁妱晧扴,404,1,3,1,3,0,70,0,2,2,2,,,,,,1,20180801
271007,A7,1032,201910,202103,慖戰宆捠強僒乕價僗丒岥峯丒俁妱晧扴,406,1,3,1,3,0,70,0,2,2,2,,,,,,1,20191001
271007,A7,1032,202104,202109,慖戰宆捠強僒乕價僗丒岥峯丒俁妱晧扴,412,1,3,1,3,0,70,0,2,2,2,,,,,,1,20210401
271007,A7,1032,202110,202403,慖戰宆捠強僒乕價僗丒岥峯丒俁妱晧扴,411,1,3,1,3,0,70,0,2,2,2,,,,,,1,20211001
271007,A7,1032,202404,999999,慖戰宆捠強僒乕價僗丒岥峯丒俁妱晧扴,442,1,3,1,3,0,70,0,2,2,2,,,,,,1,20240401
271007,A7,1033,201808,201909,慖戰宆捠強僒乕價僗丒塰梴丒俁妱晧扴,404,1,3,1,3,0,70,0,2,2,2,,,,,,1,20180801
271007,A7,1033,201910,202103,慖戰宆捠強僒乕價僗丒塰梴丒俁妱晧扴,406,1,3,1,3,0,70,0,2,2,2,,,,,,1,20191001
271007,A7,1033,202104,202109,慖戰宆捠強僒乕價僗丒塰梴丒俁妱晧扴,412,1,3,1,3,0,70,0,2,2,2,,,,,,1,20210401
271007,A7,1033,202110,202403,慖戰宆捠強僒乕價僗丒塰梴丒俁妱晧扴,411,1,3,1,3,0,70,0,2,2,2,,,,,,1,20211001
271007,A7,1033,202404,999999,慖戰宆捠強僒乕價僗丒塰梴丒俁妱晧扴,442,1,3,1,3,0,70,0,2,2,2,,,,,,1,20240401
271007,A7,1101,201704,201909,慖戰宆捠強僒乕價僗丒塣摦婍丒侾妱晧扴丒掕挻,283,1,14,1,3,0,90,0,2,2,2,,,,,,1,20170401
271007,A7,1101,201910,202103,慖戰宆捠強僒乕價僗丒塣摦婍丒侾妱晧扴丒掕挻,284,1,14,1,3,0,90,0,2,2,2,,,,,,1,20191001
271007,A7,1101,202104,202109,慖戰宆捠強僒乕價僗丒塣摦婍丒侾妱晧扴丒掕挻,289,1,14,1,3,0,90,0,2,2,2,,,,,,1,20210401
271007,A7,1101,202110,202403,慖戰宆捠強僒乕價僗丒塣摦婍丒侾妱晧扴丒掕挻,288,1,14,1,3,0,90,0,2,2,2,,,,,,1,20211001
271007,A7,1101,202404,999999,慖戰宆捠強僒乕價僗丒塣摦婍丒侾妱晧扴丒掕挻,309,1,14,1,3,0,90,0,2,2,2,,,,,,1,20240401
271007,A7,1102,201704,201909,慖戰宆捠強僒乕價僗丒岥峯丒侾妱晧扴丒掕挻,283,1,3,1,3,0,90,0,2,2,2,,,,,,1,20170401
271007,A7,1102,201910,202103,慖戰宆捠強僒乕價僗丒岥峯丒侾妱晧扴丒掕挻,284,1,3,1,3,0,90,0,2,2,2,,,,,,1,20191001
271007,A7,1102,202104,202109,慖戰宆捠強僒乕價僗丒岥峯丒侾妱晧扴丒掕挻,289,1,3,1,3,0,90,0,2,2,2,,,,,,1,20210401
271007,A7,1102,202110,202403,慖戰宆捠強僒乕價僗丒岥峯丒侾妱晧扴丒掕挻,288,1,3,1,3,0,90,0,2,2,2,,,,,,1,20211001
271007,A7,1102,202404,999999,慖戰宆捠強僒乕價僗丒岥峯丒侾妱晧扴丒掕挻,309,1,3,1,3,0,90,0,2,2,2,,,,,,1,20240401
271007,A7,1103,201704,201909,慖戰宆捠強僒乕價僗丒塰梴丒侾妱晧扴丒掕挻,283,1,3,1,3,0,90,0,2,2,2,,,,,,1,20170401
271007,A7,1103,201910,202103,慖戰宆捠強僒乕價僗丒塰梴丒侾妱晧扴丒掕挻,284,1,3,1,3,0,90,0,2,2,2,,,,,,1,20191001
271007,A7,1103,202104,202109,慖戰宆捠強僒乕價僗丒塰梴丒侾妱晧扴丒掕挻,289,1,3,1,3,0,90,0,2,2,2,,,,,,1,20210401
271007,A7,1103,202110,202403,慖戰宆捠強僒乕價僗丒塰梴丒侾妱晧扴丒掕挻,288,1,3,1,3,0,90,0,2,2,2,,,,,,1,20211001
271007,A7,1103,202404,999999,慖戰宆捠強僒乕價僗丒塰梴丒侾妱晧扴丒掕挻,309,1,3,1,3,0,90,0,2,2,2,,,,,,1,20240401
271007,A7,1121,201704,201909,慖戰宆捠強僒乕價僗丒塣摦婍丒俀妱晧扴丒掕挻,283,1,14,1,3,0,80,0,2,2,2,,,,,,1,20170401
271007,A7,1121,201910,202103,慖戰宆捠強僒乕價僗丒塣摦婍丒俀妱晧扴丒掕挻,284,1,14,1,3,0,80,0,2,2,2,,,,,,1,20191001
271007,A7,1121,202104,202109,慖戰宆捠強僒乕價僗丒塣摦婍丒俀妱晧扴丒掕挻,289,1,14,1,3,0,80,0,2,2,2,,,,,,1,20210401
271007,A7,1121,202110,202403,慖戰宆捠強僒乕價僗丒塣摦婍丒俀妱晧扴丒掕挻,288,1,14,1,3,0,80,0,2,2,2,,,,,,1,20211001
271007,A7,1121,202404,999999,慖戰宆捠強僒乕價僗丒塣摦婍丒俀妱晧扴丒掕挻,309,1,14,1,3,0,80,0,2,2,2,,,,,,1,20240401
271007,A7,1122,201704,201909,慖戰宆捠強僒乕價僗丒岥峯丒俀妱晧扴丒掕挻,283,1,3,1,3,0,80,0,2,2,2,,,,,,1,20170401
271007,A7,1122,201910,202103,慖戰宆捠強僒乕價僗丒岥峯丒俀妱晧扴丒掕挻,284,1,3,1,3,0,80,0,2,2,2,,,,,,1,20191001
271007,A7,1122,202104,202109,慖戰宆捠強僒乕價僗丒岥峯丒俀妱晧扴丒掕挻,289,1,3,1,3,0,80,0,2,2,2,,,,,,1,20210401
271007,A7,1122,202110,202403,慖戰宆捠強僒乕價僗丒岥峯丒俀妱晧扴丒掕挻,288,1,3,1,3,0,80,0,2,2,2,,,,,,1,20211001
271007,A7,1122,202404,999999,慖戰宆捠強僒乕價僗丒岥峯丒俀妱晧扴丒掕挻,309,1,3,1,3,0,80,0,2,2,2,,,,,,1,20240401
271007,A7,1123,201704,201909,慖戰宆捠強僒乕價僗丒塰梴丒俀妱晧扴丒掕挻,283,1,3,1,3,0,80,0,2,2,2,,,,,,1,20170401
271007,A7,1123,201910,202103,慖戰宆捠強僒乕價僗丒塰梴丒俀妱晧扴丒掕挻,284,1,3,1,3,0,80,0,2,2,2,,,,,,1,20191001
271007,A7,1123,202104,202109,慖戰宆捠強僒乕價僗丒塰梴丒俀妱晧扴丒掕挻,289,1,3,1,3,0,80,0,2,2,2,,,,,,1,20210401
271007,A7,1123,202110,202403,慖戰宆捠強僒乕價僗丒塰梴丒俀妱晧扴丒掕挻,288,1,3,1,3,0,80,0,2,2,2,,,,,,1,20211001
271007,A7,1123,202404,999999,慖戰宆捠強僒乕價僗丒塰梴丒俀妱晧扴丒掕挻,309,1,3,1,3,0,80,0,2,2,2,,,,,,1,20240401
271007,A7,1131,201808,201909,慖戰宆捠強僒乕價僗丒塣摦婍丒俁妱晧扴丒掕挻,283,1,14,1,3,0,70,0,2,2,2,,,,,,1,20180801
271007,A7,1131,201910,202103,慖戰宆捠強僒乕價僗丒塣摦婍丒俁妱晧扴丒掕挻,284,1,14,1,3,0,70,0,2,2,2,,,,,,1,20191001
271007,A7,1131,202104,202109,慖戰宆捠強僒乕價僗丒塣摦婍丒俁妱晧扴丒掕挻,289,1,14,1,3,0,70,0,2,2,2,,,,,,1,20210401
271007,A7,1131,202110,202403,慖戰宆捠強僒乕價僗丒塣摦婍丒俁妱晧扴丒掕挻,288,1,14,1,3,0,70,0,2,2,2,,,,,,1,20211001
271007,A7,1131,202404,999999,慖戰宆捠強僒乕價僗丒塣摦婍丒俁妱晧扴丒掕挻,309,1,14,1,3,0,70,0,2,2,2,,,,,,1,20240401
271007,A7,1132,201808,201909,慖戰宆捠強僒乕價僗丒岥峯丒俁妱晧扴丒掕挻,283,1,3,1,3,0,70,0,2,2,2,,,,,,1,20180801
271007,A7,1132,201910,202103,慖戰宆捠強僒乕價僗丒岥峯丒俁妱晧扴丒掕挻,284,1,3,1,3,0,70,0,2,2,2,,,,,,1,20191001
271007,A7,1132,202104,202109,慖戰宆捠強僒乕價僗丒岥峯丒俁妱晧扴丒掕挻,289,1,3,1,3,0,70,0,2,2,2,,,,,,1,20210401
271007,A7,1132,202110,202403,慖戰宆捠強僒乕價僗丒岥峯丒俁妱晧扴丒掕挻,288,1,3,1,3,0,70,0,2,2,2,,,,,,1,20211001
271007,A7,1132,202404,999999,慖戰宆捠強僒乕價僗丒岥峯丒俁妱晧扴丒掕挻,309,1,3,1,3,0,70,0,2,2,2,,,,,,1,20240401
271007,A7,1133,201808,201909,慖戰宆捠強僒乕價僗丒塰梴丒俁妱晧扴丒掕挻,283,1,3,1,3,0,70,0,2,2,2,,,,,,1,20180801
271007,A7,1133,201910,202103,慖戰宆捠強僒乕價僗丒塰梴丒俁妱晧扴丒掕挻,284,1,3,1,3,0,70,0,2,2,2,,,,,,1,20191001
271007,A7,1133,202104,202109,慖戰宆捠強僒乕價僗丒塰梴丒俁妱晧扴丒掕挻,289,1,3,1,3,0,70,0,2,2,2,,,,,,1,20210401
271007,A7,1133,202110,202403,慖戰宆捠強僒乕價僗丒塰梴丒俁妱晧扴丒掕挻,288,1,3,1,3,0,70,0,2,2,2,,,,,,1,20211001
271007,A7,1133,202404,999999,慖戰宆捠強僒乕價僗丒塰梴丒俁妱晧扴丒掕挻,309,1,3,1,3,0,70,0,2,2,2,,,,,,1,20240401
271007,A7,1151,201704,201909,慖戰宆捠強僒乕價僗丒塣摦婍丒侾妱晧扴丒恖寚,283,1,14,1,3,0,90,0,2,2,2,,,,,,1,20170401
271007,A7,1151,201910,202103,慖戰宆捠強僒乕價僗丒塣摦婍丒侾妱晧扴丒恖寚,284,1,14,1,3,0,90,0,2,2,2,,,,,,1,20191001
271007,A7,1151,202104,202109,慖戰宆捠強僒乕價僗丒塣摦婍丒侾妱晧扴丒恖寚,289,1,14,1,3,0,90,0,2,2,2,,,,,,1,20210401
271007,A7,1151,202110,202403,慖戰宆捠強僒乕價僗丒塣摦婍丒侾妱晧扴丒恖寚,288,1,14,1,3,0,90,0,2,2,2,,,,,,1,20211001
271007,A7,1151,202404,999999,慖戰宆捠強僒乕價僗丒塣摦婍丒侾妱晧扴丒恖寚,309,1,14,1,3,0,90,0,2,2,2,,,,,,1,20240401
271007,A7,1152,201704,201909,慖戰宆捠強僒乕價僗丒岥峯丒侾妱晧扴丒恖寚,283,1,3,1,3,0,90,0,2,2,2,,,,,,1,20170401
271007,A7,1152,201910,202103,慖戰宆捠強僒乕價僗丒岥峯丒侾妱晧扴丒恖寚,284,1,3,1,3,0,90,0,2,2,2,,,,,,1,20191001
271007,A7,1152,202104,202109,慖戰宆捠強僒乕價僗丒岥峯丒侾妱晧扴丒恖寚,289,1,3,1,3,0,90,0,2,2,2,,,,,,1,20210401
271007,A7,1152,202110,202403,慖戰宆捠強僒乕價僗丒岥峯丒侾妱晧扴丒恖寚,288,1,3,1,3,0,90,0,2,2,2,,,,,,1,20211001
271007,A7,1152,202404,999999,慖戰宆捠強僒乕價僗丒岥峯丒侾妱晧扴丒恖寚,309,1,3,1,3,0,90,0,2,2,2,,,,,,1,20240401
271007,A7,1153,201704,201909,慖戰宆捠強僒乕價僗丒塰梴丒侾妱晧扴丒恖寚,283,1,3,1,3,0,90,0,2,2,2,,,,,,1,20170401
271007,A7,1153,201910,202103,慖戰宆捠強僒乕價僗丒塰梴丒侾妱晧扴丒恖寚,284,1,3,1,3,0,90,0,2,2,2,,,,,,1,20191001
271007,A7,1153,202104,202109,慖戰宆捠強僒乕價僗丒塰梴丒侾妱晧扴丒恖寚,289,1,3,1,3,0,90,0,2,2,2,,,,,,1,20210401
271007,A7,1153,202110,202403,慖戰宆捠強僒乕價僗丒塰梴丒侾妱晧扴丒恖寚,288,1,3,1,3,0,90,0,2,2,2,,,,,,1,20211001
271007,A7,1153,202404,999999,慖戰宆捠強僒乕價僗丒塰梴丒侾妱晧扴丒恖寚,309,1,3,1,3,0,90,0,2,2,2,,,,,,1,20240401
271007,A7,1161,201704,201909,慖戰宆捠強僒乕價僗丒塣摦婍丒俀妱晧扴丒恖寚,283,1,14,1,3,0,80,0,2,2,2,,,,,,1,20170401
271007,A7,1161,201910,202103,慖戰宆捠強僒乕價僗丒塣摦婍丒俀妱晧扴丒恖寚,284,1,14,1,3,0,80,0,2,2,2,,,,,,1,20191001
271007,A7,1161,202104,202109,慖戰宆捠強僒乕價僗丒塣摦婍丒俀妱晧扴丒恖寚,289,1,14,1,3,0,80,0,2,2,2,,,,,,1,20210401
271007,A7,1161,202110,202403,慖戰宆捠強僒乕價僗丒塣摦婍丒俀妱晧扴丒恖寚,288,1,14,1,3,0,80,0,2,2,2,,,,,,1,20211001
271007,A7,1161,202404,999999,慖戰宆捠強僒乕價僗丒塣摦婍丒俀妱晧扴丒恖寚,309,1,14,1,3,0,80,0,2,2,2,,,,,,1,20240401
271007,A7,1162,201704,201909,慖戰宆捠強僒乕價僗丒岥峯丒俀妱晧扴丒恖寚,283,1,3,1,3,0,80,0,2,2,2,,,,,,1,20170401
271007,A7,1162,201910,202103,慖戰宆捠強僒乕價僗丒岥峯丒俀妱晧扴丒恖寚,284,1,3,1,3,0,80,0,2,2,2,,,,,,1,20191001
271007,A7,1162,202104,202109,慖戰宆捠強僒乕價僗丒岥峯丒俀妱晧扴丒恖寚,289,1,3,1,3,0,80,0,2,2,2,,,,,,1,20210401
271007,A7,1162,202110,202403,慖戰宆捠強僒乕價僗丒岥峯丒俀妱晧扴丒恖寚,288,1,3,1,3,0,80,0,2,2,2,,,,,,1,20211001
271007,A7,1162,202404,999999,慖戰宆捠強僒乕價僗丒岥峯丒俀妱晧扴丒恖寚,309,1,3,1,3,0,80,0,2,2,2,,,,,,1,20240401
271007,A7,1163,201704,201909,慖戰宆捠強僒乕價僗丒塰梴丒俀妱晧扴丒恖寚,283,1,3,1,3,0,80,0,2,2,2,,,,,,1,20170401
271007,A7,1163,201910,202103,慖戰宆捠強僒乕價僗丒塰梴丒俀妱晧扴丒恖寚,284,1,3,1,3,0,80,0,2,2,2,,,,,,1,20191001
271007,A7,1163,202104,202109,慖戰宆捠強僒乕價僗丒塰梴丒俀妱晧扴丒恖寚,289,1,3,1,3,0,80,0,2,2,2,,,,,,1,20210401
271007,A7,1163,202110,202403,慖戰宆捠強僒乕價僗丒塰梴丒俀妱晧扴丒恖寚,288,1,3,1,3,0,80,0,2,2,2,,,,,,1,20211001
271007,A7,1163,202404,999999,慖戰宆捠強僒乕價僗丒塰梴丒俀妱晧扴丒恖寚,309,1,3,1,3,0,80,0,2,2,2,,,,,,1,20240401
271007,A7,1171,201808,201909,慖戰宆捠強僒乕價僗丒塣摦婍丒俁妱晧扴丒恖寚,283,1,14,1,3,0,70,0,2,2,2,,,,,,1,20180801
271007,A7,1171,201910,202103,慖戰宆捠強僒乕價僗丒塣摦婍丒俁妱晧扴丒恖寚,284,1,14,1,3,0,70,0,2,2,2,,,,,,1,20191001
271007,A7,1171,202104,202109,慖戰宆捠強僒乕價僗丒塣摦婍丒俁妱晧扴丒恖寚,289,1,14,1,3,0,70,0,2,2,2,,,,,,1,20210401
271007,A7,1171,202110,202403,慖戰宆捠強僒乕價僗丒塣摦婍丒俁妱晧扴丒恖寚,288,1,14,1,3,0,70,0,2,2,2,,,,,,1,20211001
271007,A7,1171,202404,999999,慖戰宆捠強僒乕價僗丒塣摦婍丒俁妱晧扴丒恖寚,309,1,14,1,3,0,70,0,2,2,2,,,,,,1,20240401
271007,A7,1172,201808,201909,慖戰宆捠強僒乕價僗丒岥峯丒俁妱晧扴丒恖寚,283,1,3,1,3,0,70,0,2,2,2,,,,,,1,20180801
271007,A7,1172,201910,202103,慖戰宆捠強僒乕價僗丒岥峯丒俁妱晧扴丒恖寚,284,1,3,1,3,0,70,0,2,2,2,,,,,,1,20191001
271007,A7,1172,202104,202109,慖戰宆捠強僒乕價僗丒岥峯丒俁妱晧扴丒恖寚,289,1,3,1,3,0,70,0,2,2,2,,,,,,1,20210401
271007,A7,1172,202110,202403,慖戰宆捠強僒乕價僗丒岥峯丒俁妱晧扴丒恖寚,288,1,3,1,3,0,70,0,2,2,2,,,,,,1,20211001
271007,A7,1172,202404,999999,慖戰宆捠強僒乕價僗丒岥峯丒俁妱晧扴丒恖寚,309,1,3,1,3,0,70,0,2,2,2,,,,,,1,20240401
271007,A7,1173,201808,201909,慖戰宆捠強僒乕價僗丒塰梴丒俁妱晧扴丒恖寚,283,1,3,1,3,0,70,0,2,2,2,,,,,,1,20180801
271007,A7,1173,201910,202103,慖戰宆捠強僒乕價僗丒塰梴丒俁妱晧扴丒恖寚,284,1,3,1,3,0,70,0,2,2,2,,,,,,1,20191001
271007,A7,1173,202104,202109,慖戰宆捠強僒乕價僗丒塰梴丒俁妱晧扴丒恖寚,289,1,3,1,3,0,70,0,2,2,2,,,,,,1,20210401
271007,A7,1173,202110,202403,慖戰宆捠強僒乕價僗丒塰梴丒俁妱晧扴丒恖寚,288,1,3,1,3,0,70,0,2,2,2,,,,,,1,20211001
271007,A7,1173,202404,999999,慖戰宆捠強僒乕價僗丒塰梴丒俁妱晧扴丒恖寚,309,1,3,1,3,0,70,0,2,2,2,,,,,,1,20240401
271007,AF,1001,201704,201801,夘岇梊杊働傾儅僱僕儊儞僩A,430,3,1,1,0,0,100,0,2,2,2,,,,,,1,20170401
271007,AF,1001,201802,201909,夘岇梊杊働傾儅僱僕儊儞僩A,430,3,1,1,0,0,100,0,2,2,2,,,,,,1,20180201
271007,AF,1001,201910,202103,夘岇梊杊働傾儅僱僕儊儞僩A,431,3,1,1,0,0,100,0,2,2,2,,,,,,1,20191001
271007,AF,1001,202104,202403,夘岇梊杊働傾儅僱僕儊儞僩A,438,3,1,1,0,0,100,0,2,2,2,1,1,1,1,1,1,20210401
271007,AF,1001,202404,999999,夘岇梊杊働傾儅僱僕儊儞僩A,442,3,1,1,0,0,100,0,2,2,2,1,1,1,1,1,1,20240401
271007,AF,1002,201704,201801,夘岇梊杊働傾儅僱僕儊儞僩A丒弶夞,730,3,1,1,0,0,100,0,2,2,2,,,,,,1,20170401
271007,AF,1002,201802,201909,夘岇梊杊働傾儅僱僕儊儞僩A丒弶夞,730,3,1,1,0,0,100,0,2,2,2,,,,,,1,20180201
271007,AF,1002,201910,202103,夘岇梊杊働傾儅僱僕儊儞僩A丒弶夞,731,3,1,1,0,0,100,0,2,2,2,,,,,,1,20191001
271007,AF,1002,202104,202403,夘岇梊杊働傾儅僱僕儊儞僩A丒弶夞,738,3,1,1,0,0,100,0,2,2,2,1,1,1,1,1,1,20210401
271007,AF,1002,202404,999999,夘岇梊杊働傾儅僱僕儊儞僩A丒弶夞,742,3,1,1,0,0,100,0,2,2,2,1,1,1,1,1,1,20240401
271007,AF,1003,201704,201801,夘岇梊杊働傾儅僱僕儊儞僩A丒楢実,730,3,1,1,0,0,100,0,2,2,2,,,,,,1,20170401
271007,AF,1003,201802,201909,夘岇梊杊働傾儅僱僕儊儞僩A丒楢実,730,3,1,1,0,0,100,0,2,2,2,,,,,,1,20180201
271007,AF,1003,201910,202103,夘岇梊杊働傾儅僱僕儊儞僩A丒楢実,731,3,1,1,0,0,100,0,2,2,2,,,,,,1,20191001
271007,AF,1004,201704,201801,夘岇梊杊働傾儅僱僕儊儞僩A丒弶夞丒楢実,1030,3,1,1,0,0,100,0,2,2,2,,,,,,1,20170401
271007,AF,1004,201802,201909,夘岇梊杊働傾儅僱僕儊儞僩A丒弶夞丒楢実,1030,3,1,1,0,0,100,0,2,2,2,,,,,,1,20180201
271007,AF,1004,201910,202103,夘岇梊杊働傾儅僱僕儊儞僩A丒弶夞丒楢実,1031,3,1,1,0,0,100,0,2,2,2,,,,,,1,20191001
271007,AF,1005,202104,202403,夘岇梊杊働傾儅僱僕儊儞僩俙丒埾戸楢実,738,3,1,1,0,0,100,0,2,2,2,1,1,1,1,1,1,20210401
271007,AF,1005,202404,999999,夘岇梊杊働傾儅僱僕儊儞僩俙丒埾戸楢実,742,3,1,1,0,0,100,0,2,2,2,1,1,1,1,1,1,20240401
271007,AF,1006,202104,202403,夘岇梊杊働傾儅僱僕儊儞僩俙丒弶夞丒埾戸楢実,1038,3,1,1,0,0,100,0,2,2,2,1,1,1,1,1,1,20210401
271007,AF,1006,202404,999999,夘岇梊杊働傾儅僱僕儊儞僩俙丒弶夞丒埾戸楢実,1042,3,1,1,0,0,100,0,2,2,2,1,1,1,1,1,1,20240401
271007,AF,1011,202404,999999,夘岇梊杊働傾儅僱僕儊儞僩俙丒媠杊,438,3,1,1,0,0,100,0,2,2,2,1,1,1,1,1,1,20240401
271007,AF,1012,202404,999999,夘岇梊杊働傾儅僱僕儊儞僩俙丒弶夞丒媠杊,738,3,1,1,0,0,100,0,2,2,2,1,1,1,1,1,1,20240401
271007,AF,1015,202404,999999,夘岇梊杊働傾儅僱僕儊儞僩俙丒埾戸楢実丒媠杊,738,3,1,1,0,0,100,0,2,2,2,1,1,1,1,1,1,20240401
271007,AF,1016,202404,999999,夘岇梊杊働傾儅僱僕儊儞僩俙丒弶夞丒埾戸楢実丒媠杊,1038,3,1,1,0,0,100,0,2,2,2,1,1,1,1,1,1,20240401
271007,AF,1021,202504,999999,夘岇梊杊働傾儅僱僕儊儞僩俙丒寁枹,438,3,1,1,0,0,100,0,2,2,2,1,1,1,1,1,1,20240401
271007,AF,1022,202504,999999,夘岇梊杊働傾儅僱僕儊儞僩俙丒弶夞丒寁枹,738,3,1,1,0,0,100,0,2,2,2,1,1,1,1,1,1,20240401
271007,AF,1025,202504,999999,夘岇梊杊働傾儅僱僕儊儞僩俙丒埾戸楢実丒寁枹,738,3,1,1,0,0,100,0,2,2,2,1,1,1,1,1,1,20240401
271007,AF,1026,202504,999999,夘岇梊杊働傾儅僱僕儊儞僩俙丒弶夞丒埾戸楢実丒寁枹,1038,3,1,1,0,0,100,0,2,2,2,1,1,1,1,1,1,20240401
271007,AF,1031,202504,999999,夘岇梊杊働傾儅僱僕儊儞僩俙丒媠杊丒寁枹,434,3,1,1,0,0,100,0,2,2,2,1,1,1,1,1,1,20240401
271007,AF,1032,202504,999999,夘岇梊杊働傾儅僱僕儊儞僩俙丒弶夞丒媠杊丒寁枹,734,3,1,1,0,0,100,0,2,2,2,1,1,1,1,1,1,20240401
271007,AF,1035,202504,999999,夘岇梊杊働傾儅僱僕儊儞僩俙丒埾戸楢実丒媠杊丒寁枹,734,3,1,1,0,0,100,0,2,2,2,1,1,1,1,1,1,20240401
271007,AF,1036,202504,999999,夘岇梊杊働傾儅僱僕儊儞僩俙丒弶夞丒埾戸楢実丒媠杊丒寁枹,1034,3,1,1,0,0,100,0,2,2,2,1,1,1,1,1,1,20240401
271007,AF,1101,201704,201801,夘岇梊杊働傾儅僱僕儊儞僩C,430,3,1,1,0,0,100,0,2,2,2,,,,,,1,20170401
271007,AF,1101,201802,201909,夘岇梊杊働傾儅僱僕儊儞僩C,430,3,1,1,0,0,100,0,2,2,2,,,,,,1,20180201
271007,AF,1101,201910,202103,夘岇梊杊働傾儅僱僕儊儞僩C,431,3,1,1,0,0,100,0,2,2,2,,,,,,1,20191001
271007,AF,1101,202104,202403,夘岇梊杊働傾儅僱僕儊儞僩C,438,3,1,1,0,0,100,0,2,2,2,1,1,1,1,1,1,20210401
271007,AF,1101,202404,999999,夘岇梊杊働傾儅僱僕儊儞僩C,442,3,1,1,0,0,100,0,2,2,2,1,1,1,1,1,1,20240401
271007,AF,1102,201704,201801,夘岇梊杊働傾儅僱僕儊儞僩C丒弶夞,730,3,1,1,0,0,100,0,2,2,2,,,,,,1,20170401
271007,AF,1102,201802,201909,夘岇梊杊働傾儅僱僕儊儞僩C丒弶夞,730,3,1,1,0,0,100,0,2,2,2,,,,,,1,20180201
271007,AF,1102,201910,202103,夘岇梊杊働傾儅僱僕儊儞僩C丒弶夞,731,3,1,1,0,0,100,0,2,2,2,,,,,,1,20191001
271007,AF,1102,202104,202403,夘岇梊杊働傾儅僱僕儊儞僩C丒弶夞,738,3,1,1,0,0,100,0,2,2,2,1,1,1,1,1,1,20210401
271007,AF,1102,202404,999999,夘岇梊杊働傾儅僱僕儊儞僩C丒弶夞,742,3,1,1,0,0,100,0,2,2,2,1,1,1,1,1,1,20240401
271007,AF,1111,202404,999999,夘岇梊杊働傾儅僱僕儊儞僩C丒媠杊,438,3,1,1,0,0,100,0,2,2,2,1,1,1,1,1,1,20240401
271007,AF,1112,202404,999999,夘岇梊杊働傾儅僱僕儊儞僩C丒弶夞丒媠杊,738,3,1,1,0,0,100,0,2,2,2,1,1,1,1,1,1,20240401
271007,AF,1121,202504,999999,夘岇梊杊働傾儅僱僕儊儞僩C丒寁枹,438,3,1,1,0,0,100,0,2,2,2,1,1,1,1,1,1,20240401
271007,AF,1122,202504,999999,夘岇梊杊働傾儅僱僕儊儞僩C丒弶夞丒寁枹,738,3,1,1,0,0,100,0,2,2,2,1,1,1,1,1,1,20240401
271007,AF,1131,202504,999999,夘岇梊杊働傾儅僱僕儊儞僩C丒媠杊丒寁枹,434,3,1,1,0,0,100,0,2,2,2,1,1,1,1,1,1,20240401
271007,AF,1132,202504,999999,夘岇梊杊働傾儅僱僕儊儞僩C丒弶夞丒媠杊丒寁枹,734,3,1,1,0,0,100,0,2,2,2,1,1,1,1,1,1,20240401
271007,AF,2000,202104,202109,夘岇梊杊働傾儅僱僕儊儞僩椷榓俁擭俋寧俁侽擔傑偱偺忋忔偣暘,1,3,1,1,0,0,100,0,2,2,2,1,1,1,1,1,1,20210401
271007,AF,2001,202606,999999,夘岇梊杊働傾儅僱僕儊儞僩張嬾夵慞壛嶼侾侾,9,3,1,1,0,0,100,0,2,2,2,1,1,1,1,1,1,20260601
271007,AF,2002,202606,999999,夘岇梊杊働傾儅僱僕儊儞僩張嬾夵慞壛嶼侾俀,15,3,1,1,0,0,100,0,2,2,2,1,1,1,1,1,1,20260601
271007,AF,2003,202606,999999,夘岇梊杊働傾儅僱僕儊儞僩張嬾夵慞壛嶼侾俁,16,3,1,1,0,0,100,0,2,2,2,1,1,1,1,1,1,20260601
271007,AF,2004,202606,999999,夘岇梊杊働傾儅僱僕儊儞僩張嬾夵慞壛嶼侾係,22,3,1,1,0,0,100,0,2,2,2,1,1,1,1,1,1,20260601
